datetime,second,joy_x,joy_z,tempo,bgm_start,accx,accy,accz,gyrox,gyroy,gyroz,magx,magy,magz,tempMPU9250
2019-12-19 14:10:05.051971,0.623518,0.0,0.0,1,0,,,,,,,,,,
2019-12-19 14:10:05.550794,1.122394,0.0,0.0,1,0,,,,,,,,,,
2019-12-19 14:10:06.050617,1.622152,0.0,0.0,1,0,,,,,,,,,,
2019-12-19 14:10:06.550218,2.121742,0.0,0.0,1,0,,,,,,,,,,
2019-12-19 14:10:07.050617,2.622291,0.0,0.0,1,0,,,,,,,,,,
2019-12-19 14:10:07.550519,3.122057,0.0,0.0,1,0,,,,,,,,,,
2019-12-19 14:10:08.053225,3.624865,0.0,0.0,1,0,,,,,,,,,,
2019-12-19 14:10:08.551718,4.123246,0.0,0.0,1,0,,,,,,,,,,
2019-12-19 14:10:09.051610,4.623148,0.0,0.0,1,0,,,,,,,,,,
2019-12-19 14:10:09.551626,5.123183,0.0,0.0,1,0,,,,,,,,,,
2019-12-19 14:10:10.050378,5.621885,0.0,0.0,1,0,,,,,,,,,,
2019-12-19 14:10:10.550284,6.121816,0.0,0.0,1,0,,,,,,,,,,
2019-12-19 14:10:11.049562,6.621065,0.0,0.0,1,0,,,,,,,,,,
2019-12-19 14:10:11.551094,7.122666,0.0,0.0,1,0,,,,,,,,,,
2019-12-19 14:10:11.569588,7.141112,-0.0,-0.0,0,0,,,,,,,,,,
2019-12-19 14:10:11.605334,7.176852,-0.0,-0.0,0,0,,,,,,,,,,
2019-12-19 14:10:11.609343,7.180849,-0.0,-0.0,0,0,,,,,,,,,,
2019-12-19 14:10:11.613458,7.184985,0.0233434475958,-0.0,0,0,,,,,,,,,,
2019-12-19 14:10:11.617406,7.188946,0.0559179410338,-0.0,0,0,,,,,,,,,,
2019-12-19 14:10:11.621318,7.19289,0.0993184745312,-0.0124531583861,0,0,,,,,,,,,,
2019-12-19 14:10:11.625220,7.196726,0.186119541526,-0.0775700211525,0,0,,,,,,,,,,
2019-12-19 14:10:11.629326,7.200859,0.229552194476,-0.131828710437,0,0,,,,,,,,,,
2019-12-19 14:10:11.633763,7.205284,0.294669061899,-0.186087414622,0,0,,,,,,,,,,
2019-12-19 14:10:11.637388,7.208915,0.338069587946,-0.272920608521,0,0,,,,,,,,,,
2019-12-19 14:10:11.641222,7.212723,0.414044618607,-0.316321134567,0,0,,,,,,,,,,
2019-12-19 14:10:11.645767,7.217283,0.435728818178,-0.414012491703,0,0,,,,,,,,,,
2019-12-19 14:10:11.649361,7.220878,0.511703848839,-0.468271195889,0,0,,,,,,,,,,
2019-12-19 14:10:11.653309,7.224826,0.544246196747,-0.555072247982,0,0,,,,,,,,,,
2019-12-19 14:10:11.657305,7.228813,0.544246196747,-0.631047308445,0,0,,,,,,,,,,
2019-12-19 14:10:11.661370,7.232937,0.544246196747,-0.685305953026,0,0,,,,,,,,,,
2019-12-19 14:10:11.665352,7.236997,0.544246196747,-0.728706538677,0,0,,,,,,,,,,
2019-12-19 14:10:11.669374,7.240913,0.533388078213,-0.782965183258,0,0,,,,,,,,,,
2019-12-19 14:10:11.673250,7.24476,0.511703848839,-0.826365768909,0,0,,,,,,,,,,
2019-12-19 14:10:11.677315,7.248824,0.457445144653,-0.858940243721,0,0,,,,,,,,,,
2019-12-19 14:10:11.681272,7.252774,0.424870669842,-0.86979842186,0,0,,,,,,,,,,
2019-12-19 14:10:11.685239,7.256743,0.32721143961,-0.913198947906,0,0,,,,,,,,,,
2019-12-19 14:10:11.689311,7.260824,0.251236408949,-0.956599473953,0,0,,,,,,,,,,
2019-12-19 14:10:11.693440,7.264966,0.142719000578,-0.956599473953,0,0,,,,,,,,,,
2019-12-19 14:10:11.697301,7.268814,0.0233434475958,-0.956599473953,0,0,,,,,,,,,,
2019-12-19 14:10:11.701323,7.272837,-0.0,-0.967457652092,0,0,,,,,,,,,,
2019-12-19 14:10:11.713477,7.284996,-0.0,-0.978315770626,0,0,,,,,,,,,,
2019-12-19 14:10:11.717336,7.288854,-0.0,-0.989173948765,0,0,,,,,,,,,,
2019-12-19 14:10:11.721262,7.292771,-0.0775700211525,-1.0,0,0,,,,,,,,,,
2019-12-19 14:10:11.725233,7.29674,-0.131828710437,-1.0,0,0,,,,,,,,,,
2019-12-19 14:10:11.729349,7.300861,-0.186087414622,-1.0,0,0,,,,,,,,,,
2019-12-19 14:10:11.733462,7.304986,-0.240346118808,-1.0,0,0,,,,,,,,,,
2019-12-19 14:10:11.737314,7.308829,-0.262062430382,-1.0,0,0,,,,,,,,,,
2019-12-19 14:10:11.741222,7.312734,-0.316321134567,-1.0,0,0,,,,,,,,,,
2019-12-19 14:10:11.745314,7.31683,-0.381437987089,-1.0,0,0,,,,,,,,,,
2019-12-19 14:10:11.749495,7.321019,-0.403154343367,-1.0,0,0,,,,,,,,,,
2019-12-19 14:10:11.753362,7.324875,-0.446554869413,-1.0,0,0,,,,,,,,,,
2019-12-19 14:10:11.757311,7.328817,-0.500813543797,-1.0,0,0,,,,,,,,,,
2019-12-19 14:10:11.761377,7.332889,-0.533355951309,-1.0,0,0,,,,,,,,,,
2019-12-19 14:10:11.765398,7.336958,-0.576788604259,-1.0,0,0,,,,,,,,,,
2019-12-19 14:10:11.769291,7.340802,-0.598472774029,-0.967457652092,0,0,,,,,,,,,,
2019-12-19 14:10:11.773254,7.344761,-0.652731478214,-0.956599473953,0,0,,,,,,,,,,
2019-12-19 14:10:11.777237,7.348746,-0.674447834492,-0.902340769768,0,0,,,,,,,,,,
2019-12-19 14:10:11.781463,7.352985,-0.75042283535,-0.858940243721,0,0,,,,,,,,,,
2019-12-19 14:10:11.785358,7.356867,-0.772107064724,-0.826365768909,0,0,,,,,,,,,,
2019-12-19 14:10:11.789213,7.36072,-0.826365768909,-0.772107064724,0,0,,,,,,,,,,
2019-12-19 14:10:11.793301,7.364815,-0.891482591629,-0.728706538677,0,0,,,,,,,,,,
2019-12-19 14:10:11.797362,7.368893,-0.945741295815,-0.674447834492,0,0,,,,,,,,,,
2019-12-19 14:10:11.801360,7.372938,-0.967457652092,-0.598472774029,0,0,,,,,,,,,,
2019-12-19 14:10:11.805269,7.376777,-0.989173948765,-0.522529900074,0,0,,,,,,,,,,
2019-12-19 14:10:11.809260,7.380769,-1.0,-0.435696691275,0,0,,,,,,,,,,
2019-12-19 14:10:11.813299,7.38485,-1.0,-0.370579838753,0,0,,,,,,,,,,
2019-12-19 14:10:11.817347,7.38887,-1.0,-0.283778756857,0,0,,,,,,,,,,
2019-12-19 14:10:11.821232,7.392734,-1.0,-0.229520067573,0,0,,,,,,,,,,
2019-12-19 14:10:11.825313,7.396844,-1.0,-0.186087414622,0,0,,,,,,,,,,
2019-12-19 14:10:11.829350,7.400863,-1.0,-0.110144510865,0,0,,,,,,,,,,
2019-12-19 14:10:11.833531,7.40505,-1.0,-0.0124531583861,0,0,,,,,,,,,,
2019-12-19 14:10:11.837990,7.409579,-1.0,-0.0,0,0,,,,,,,,,,
2019-12-19 14:10:11.841835,7.413391,-1.0,-0.0,0,0,,,,,,,,,,
2019-12-19 14:10:11.861623,7.43315,-1.0,0.0450597777963,0,0,,,,,,,,,,
2019-12-19 14:10:11.865454,7.436975,-1.0,0.0884603112936,0,0,,,,,,,,,,
2019-12-19 14:10:11.869353,7.440883,-1.0,0.153577163815,0,0,,,,,,,,,,
2019-12-19 14:10:11.873323,7.444841,-1.0,0.207835868001,0,0,,,,,,,,,,
2019-12-19 14:10:11.877307,7.448821,-0.967457652092,0.272952735424,0,0,,,,,,,,,,
2019-12-19 14:10:11.881539,7.453058,-0.924057126045,0.348927766085,0,0,,,,,,,,,,
2019-12-19 14:10:11.885371,7.456885,-0.837223887444,0.370611965656,0,0,,,,,,,,,,
2019-12-19 14:10:11.889257,7.460771,-0.772107064724,0.435728818178,0,0,,,,,,,,,,
2019-12-19 14:10:11.893345,7.464868,-0.717848360538,0.479129344225,0,0,,,,,,,,,,
2019-12-19 14:10:11.897458,7.469009,-0.641905426979,0.533388078213,0,0,,,,,,,,,,
2019-12-19 14:10:11.901490,7.473035,-0.533355951309,0.555104374886,0,0,,,,,,,,,,
2019-12-19 14:10:11.905425,7.47694,-0.403154343367,0.565962553024,0,0,,,,,,,,,,
2019-12-19 14:10:11.909344,7.480862,-0.262062430382,0.576820731163,0,0,,,,,,,,,,
2019-12-19 14:10:11.913394,7.484933,-0.142686888576,0.587678849697,0,0,,,,,,,,,,
2019-12-19 14:10:11.917317,7.48883,-0.0,0.598504900932,0,0,,,,,,,,,,
2019-12-19 14:10:11.921345,7.492868,-0.0,0.598504900932,0,0,,,,,,,,,,
2019-12-19 14:10:11.933875,7.505398,0.0559179410338,0.598504900932,0,0,,,,,,,,,,
2019-12-19 14:10:11.937468,7.509098,0.164435341954,0.609363079071,0,0,,,,,,,,,,
2019-12-19 14:10:11.941350,7.512879,0.251236408949,0.609363079071,0,0,,,,,,,,,,
2019-12-19 14:10:11.945391,7.516924,0.316353261471,0.598504900932,0,0,,,,,,,,,,
2019-12-19 14:10:11.949527,7.521042,0.424870669842,0.598504900932,0,0,,,,,,,,,,
2019-12-19 14:10:11.953321,7.524835,0.555104374886,0.565962553024,0,0,,,,,,,,,,
2019-12-19 14:10:11.957298,7.528809,0.707054436207,0.565962553024,0,0,,,,,,,,,,
2019-12-19 14:10:11.961510,7.533028,0.848114192486,0.511703848839,0,0,,,,,,,,,,
2019-12-19 14:10:11.965309,7.536825,0.967489778996,0.424870669842,0,0,,,,,,,,,,
2019-12-19 14:10:11.969319,7.540834,1.0,0.359753787518,0,0,,,,,,,,,,
2019-12-19 14:10:11.973325,7.544846,1.0,0.294669061899,0,0,,,,,,,,,,
2019-12-19 14:10:11.977296,7.548807,1.0,0.218694031239,0,0,,,,,,,,,,
2019-12-19 14:10:11.981308,7.552825,1.0,0.142719000578,0,0,,,,,,,,,,
2019-12-19 14:10:11.985375,7.556921,1.0,0.0884603112936,0,0,,,,,,,,,,
2019-12-19 14:10:11.989330,7.560845,1.0,-0.0,0,0,,,,,,,,,,
2019-12-19 14:10:11.993367,7.564887,1.0,-0.0,0,0,,,,,,,,,,
2019-12-19 14:10:12.009378,7.580895,1.0,-0.0558858141303,0,0,,,,,,,,,,
2019-12-19 14:10:12.013406,7.58495,1.0,-0.153545051813,0,0,,,,,,,,,,
2019-12-19 14:10:12.017351,7.588864,1.0,-0.229520067573,0,0,,,,,,,,,,
2019-12-19 14:10:12.021307,7.59282,1.0,-0.294636934996,0,0,,,,,,,,,,
2019-12-19 14:10:12.025360,7.596869,1.0,-0.424838542938,0,0,,,,,,,,,,
2019-12-19 14:10:12.029460,7.600988,1.0,-0.522529900074,0,0,,,,,,,,,,
2019-12-19 14:10:12.033473,7.604992,1.0,-0.598472774029,0,0,,,,,,,,,,
2019-12-19 14:10:12.037538,7.609057,0.967489778996,-0.696164131165,0,0,,,,,,,,,,
2019-12-19 14:10:12.041342,7.612852,0.934947371483,-0.75042283535,0,0,,,,,,,,,,
2019-12-19 14:10:12.045363,7.616882,0.880688667297,-0.804681539536,0,0,,,,,,,,,,
2019-12-19 14:10:12.049666,7.621176,0.815571844578,-0.848082065582,0,0,,,,,,,,,,
2019-12-19 14:10:12.049974,7.621476,0.815571844578,-0.848082065582,1,0,,,,,,,,,,
2019-12-19 14:10:12.053340,7.624851,0.761313140392,-0.880656540394,0,0,,,,,,,,,,
2019-12-19 14:10:12.057325,7.628838,0.717880487442,-0.956599473953,0,0,,,,,,,,,,
2019-12-19 14:10:12.061436,7.632959,0.674479961395,-0.978315770626,0,0,,,,,,,,,,
2019-12-19 14:10:12.065448,7.63699,0.609363079071,-1.0,0,0,,,,,,,,,,
2019-12-19 14:10:12.069433,7.640965,0.544246196747,-1.0,0,0,,,,,,,,,,
2019-12-19 14:10:12.073336,7.644861,0.5008456707,-1.0,0,0,,,,,,,,,,
2019-12-19 14:10:12.078152,7.649718,0.424870669842,-1.0,0,0,,,,,,,,,,
2019-12-19 14:10:12.081911,7.653475,0.32721143961,-1.0,0,0,,,,,,,,,,
2019-12-19 14:10:12.086208,7.657779,0.24037823081,-1.0,0,0,,,,,,,,,,
2019-12-19 14:10:12.090461,7.662052,0.153577163815,-1.0,0,0,,,,,,,,,,
2019-12-19 14:10:12.095032,7.666605,0.0450597777963,-0.967457652092,0,0,,,,,,,,,,
2019-12-19 14:10:12.099241,7.670801,-0.0,-0.880656540394,0,0,,,,,,,,,,
2019-12-19 14:10:12.101859,7.67341,-0.0,-0.848082065582,0,0,,,,,,,,,,
2019-12-19 14:10:12.105853,7.677422,-0.0,-0.772107064724,0,0,,,,,,,,,,
2019-12-19 14:10:12.109908,7.68147,-0.0,-0.707022309303,0,0,,,,,,,,,,
2019-12-19 14:10:12.113773,7.685328,-0.0775700211525,-0.631047308445,0,0,,,,,,,,,,
2019-12-19 14:10:12.117639,7.68918,-0.153545051813,-0.555072247982,0,0,,,,,,,,,,
2019-12-19 14:10:12.121865,7.693393,-0.207803741097,-0.468271195889,0,0,,,,,,,,,,
2019-12-19 14:10:12.125452,7.696981,-0.251204282045,-0.414012491703,0,0,,,,,,,,,,
2019-12-19 14:10:12.129565,7.701094,-0.262062430382,-0.348895639181,0,0,,,,,,,,,,
2019-12-19 14:10:12.133519,7.705044,-0.272920608521,-0.283778756857,0,0,,,,,,,,,,
2019-12-19 14:10:12.137337,7.708863,-0.272920608521,-0.218661904335,0,0,,,,,,,,,,
2019-12-19 14:10:12.141388,7.71292,-0.283778756857,-0.186087414622,0,0,,,,,,,,,,
2019-12-19 14:10:12.145471,7.716993,-0.283778756857,-0.110144510865,0,0,,,,,,,,,,
2019-12-19 14:10:12.149536,7.721066,-0.283778756857,-0.0124531583861,0,0,,,,,,,,,,
2019-12-19 14:10:12.153467,7.724996,-0.283778756857,-0.0,0,0,,,,,,,,,,
2019-12-19 14:10:12.157390,7.728928,-0.283778756857,-0.0,0,0,,,,,,,,,,
2019-12-19 14:10:12.177458,7.748982,-0.283778756857,0.0124852824956,0,0,,,,,,,,,,
2019-12-19 14:10:12.181524,7.75306,-0.283778756857,0.077602148056,0,0,,,,,,,,,,
2019-12-19 14:10:12.185558,7.757089,-0.283778756857,0.121034801006,0,0,,,,,,,,,,
2019-12-19 14:10:12.189567,7.761097,-0.283778756857,0.196977704763,0,0,,,,,,,,,,
2019-12-19 14:10:12.193543,7.765061,-0.283778756857,0.24037823081,0,0,,,,,,,,,,
2019-12-19 14:10:12.197765,7.769379,-0.283778756857,0.32721143961,0,0,,,,,,,,,,
2019-12-19 14:10:12.201458,7.772989,-0.283778756857,0.348927766085,0,0,,,,,,,,,,
2019-12-19 14:10:12.205435,7.776961,-0.283778756857,0.359753787518,0,0,,,,,,,,,,
2019-12-19 14:10:12.209597,7.78113,-0.283778756857,0.457445144653,0,0,,,,,,,,,,
2019-12-19 14:10:12.213452,7.784981,-0.283778756857,0.489987522364,0,0,,,,,,,,,,
2019-12-19 14:10:12.217671,7.789201,-0.283778756857,0.544246196747,0,0,,,,,,,,,,
2019-12-19 14:10:12.221477,7.793013,-0.283778756857,0.565962553024,0,0,,,,,,,,,,
2019-12-19 14:10:12.225435,7.79696,-0.283778756857,0.587678849697,0,0,,,,,,,,,,
2019-12-19 14:10:12.229405,7.800958,-0.272920608521,0.631079435349,0,0,,,,,,,,,,
2019-12-19 14:10:12.233707,7.805248,-0.272920608521,0.663621783257,0,0,,,,,,,,,,
2019-12-19 14:10:12.237582,7.809102,-0.272920608521,0.685338079929,0,0,,,,,,,,,,
2019-12-19 14:10:12.241345,7.81286,-0.262062430382,0.707054436207,0,0,,,,,,,,,,
2019-12-19 14:10:12.245498,7.817027,-0.262062430382,0.728738665581,0,0,,,,,,,,,,
2019-12-19 14:10:12.249607,7.821145,-0.251204282045,0.739596784115,0,0,,,,,,,,,,
2019-12-19 14:10:12.253497,7.825021,-0.251204282045,0.750454962254,0,0,,,,,,,,,,
2019-12-19 14:10:12.257455,7.828981,-0.251204282045,0.761313140392,0,0,,,,,,,,,,
2019-12-19 14:10:12.281489,7.853013,-0.240346118808,0.761313140392,0,0,,,,,,,,,,
2019-12-19 14:10:12.285507,7.857034,-0.240346118808,0.663621783257,0,0,,,,,,,,,,
2019-12-19 14:10:12.289336,7.86085,-0.131828710437,0.207835868001,0,0,,,,,,,,,,
2019-12-19 14:10:12.293379,7.864924,-0.0,-0.0124531583861,0,0,,,,,,,,,,
2019-12-19 14:10:12.297338,7.868851,-0.0,-0.0,0,0,,,,,,,,,,
2019-12-19 14:10:12.469520,8.041058,-0.0,-0.0,0,0,,,,,,,,,,
2019-12-19 14:10:12.473488,8.045016,0.0559179410338,-0.0,0,0,,,,,,,,,,
2019-12-19 14:10:12.477375,8.048912,0.175293505192,-0.0,0,0,,,,,,,,,,
2019-12-19 14:10:12.481444,8.052973,0.294669061899,-0.0,0,0,,,,,,,,,,
2019-12-19 14:10:12.485388,8.056928,0.424870669842,-0.0,0,0,,,,,,,,,,
2019-12-19 14:10:12.489391,8.060928,0.609363079071,-0.0,0,0,,,,,,,,,,
2019-12-19 14:10:12.493536,8.065061,0.848114192486,-0.0,0,0,,,,,,,,,,
2019-12-19 14:10:12.497462,8.068981,1.0,-0.0,0,0,,,,,,,,,,
2019-12-19 14:10:12.550509,8.122061,1.0,-0.0,1,0,,,,,,,,,,
2019-12-19 14:10:12.621563,8.193108,0.97834789753,-0.0,0,0,,,,,,,,,,
2019-12-19 14:10:12.625426,8.196944,0.967489778996,-0.0,0,0,,,,,,,,,,
2019-12-19 14:10:12.629490,8.20101,0.945773422718,-0.0,0,0,,,,,,,,,,
2019-12-19 14:10:12.633531,8.205052,0.891514718533,-0.0,0,0,,,,,,,,,,
2019-12-19 14:10:12.637513,8.209026,0.869830548763,-0.0,0,0,,,,,,,,,,
2019-12-19 14:10:12.641352,8.212864,0.804713666439,-0.0,0,0,,,,,,,,,,
2019-12-19 14:10:12.645451,8.216974,0.750454962254,-0.0,0,0,,,,,,,,,,
2019-12-19 14:10:12.649795,8.22132,0.696196258068,-0.0,0,0,,,,,,,,,,
2019-12-19 14:10:12.653559,8.225104,0.609363079071,-0.0,0,0,,,,,,,,,,
2019-12-19 14:10:12.657625,8.229147,0.522562026978,-0.0,0,0,,,,,,,,,,
2019-12-19 14:10:12.661636,8.233163,0.370611965656,-0.0,0,0,,,,,,,,,,
2019-12-19 14:10:12.665815,8.237374,0.196977704763,-0.0,0,0,,,,,,,,,,
2019-12-19 14:10:12.669606,8.241132,-0.0,-0.0,0,0,,,,,,,,,,
2019-12-19 14:10:12.966155,8.537685,-0.0,-0.0,0,0,,,,,,,,,,
2019-12-19 14:10:12.969511,8.541038,-0.142686888576,-0.0,0,0,,,,,,,,,,
2019-12-19 14:10:12.973382,8.544921,-0.316321134567,-0.0,0,0,,,,,,,,,,
2019-12-19 14:10:12.977361,8.548879,-0.511671721935,-0.0,0,0,,,,,,,,,,
2019-12-19 14:10:12.981473,8.553003,-0.75042283535,0.00165924313478,0,0,,,,,,,,,,
2019-12-19 14:10:12.985495,8.557022,-0.978315770626,0.0450597777963,0,0,,,,,,,,,,
2019-12-19 14:10:12.989350,8.560865,-1.0,0.0450597777963,0,0,,,,,,,,,,
2019-12-19 14:10:12.993432,8.564966,-1.0,0.0559179410338,0,0,,,,,,,,,,
2019-12-19 14:10:13.021610,8.593159,-1.0,0.0450597777963,0,0,,,,,,,,,,
2019-12-19 14:10:13.025382,8.596934,-1.0,0.0559179410338,0,0,,,,,,,,,,
2019-12-19 14:10:13.033523,8.605046,-1.0,0.0450597777963,0,0,,,,,,,,,,
2019-12-19 14:10:13.038075,8.609629,-1.0,0.0559179410338,0,0,,,,,,,,,,
2019-12-19 14:10:13.042111,8.613664,-1.0,0.0667439773679,0,0,,,,,,,,,,
2019-12-19 14:10:13.050738,8.622298,-1.0,0.077602148056,0,0,,,,,,,,,,
2019-12-19 14:10:13.052701,8.62426,-1.0,0.077602148056,1,0,,,,,,,,,,
2019-12-19 14:10:13.078073,8.649654,-1.0,0.0884603112936,0,0,,,,,,,,,,
2019-12-19 14:10:13.090268,8.661843,-1.0,0.0993184745312,0,0,,,,,,,,,,
2019-12-19 14:10:13.102192,8.67386,-1.0,0.110176637769,0,0,,,,,,,,,,
2019-12-19 14:10:13.110037,8.681608,-1.0,0.121034801006,0,0,,,,,,,,,,
2019-12-19 14:10:13.113787,8.68533,-1.0,0.142719000578,0,0,,,,,,,,,,
2019-12-19 14:10:13.117777,8.689347,-1.0,0.153577163815,0,0,,,,,,,,,,
2019-12-19 14:10:13.125395,8.696938,-1.0,0.164435341954,0,0,,,,,,,,,,
2019-12-19 14:10:13.133466,8.704995,-1.0,0.175293505192,0,0,,,,,,,,,,
2019-12-19 14:10:13.137363,8.708882,-1.0,0.164435341954,0,0,,,,,,,,,,
2019-12-19 14:10:13.145517,8.717058,-1.0,0.175293505192,0,0,,,,,,,,,,
2019-12-19 14:10:13.165555,8.737088,-1.0,0.164435341954,0,0,,,,,,,,,,
2019-12-19 14:10:13.173397,8.744942,-1.0,0.175293505192,0,0,,,,,,,,,,
2019-12-19 14:10:13.181473,8.753003,-1.0,0.164435341954,0,0,,,,,,,,,,
2019-12-19 14:10:13.185365,8.756883,-1.0,0.175293505192,0,0,,,,,,,,,,
2019-12-19 14:10:13.193611,8.765139,-1.0,0.164435341954,0,0,,,,,,,,,,
2019-12-19 14:10:13.205596,8.777114,-1.0,0.153577163815,0,0,,,,,,,,,,
2019-12-19 14:10:13.217878,8.789409,-1.0,0.142719000578,0,0,,,,,,,,,,
2019-12-19 14:10:13.229476,8.801013,-1.0,0.13186083734,0,0,,,,,,,,,,
2019-12-19 14:10:13.237390,8.808937,-1.0,0.121034801006,0,0,,,,,,,,,,
2019-12-19 14:10:13.245545,8.817077,-1.0,0.110176637769,0,0,,,,,,,,,,
2019-12-19 14:10:13.257497,8.829024,-1.0,0.0993184745312,0,0,,,,,,,,,,
2019-12-19 14:10:13.277584,8.849117,-1.0,0.0884603112936,0,0,,,,,,,,,,
2019-12-19 14:10:13.281887,8.853482,-1.0,0.077602148056,0,0,,,,,,,,,,
2019-12-19 14:10:13.289394,8.86094,-1.0,0.0667439773679,0,0,,,,,,,,,,
2019-12-19 14:10:13.293612,8.865131,-1.0,0.0559179410338,0,0,,,,,,,,,,
2019-12-19 14:10:13.297605,8.869144,-1.0,0.0450597777963,0,0,,,,,,,,,,
2019-12-19 14:10:13.301570,8.873096,-1.0,0.0342016108334,0,0,,,,,,,,,,
2019-12-19 14:10:13.305370,8.876891,-1.0,0.0233434475958,0,0,,,,,,,,,,
2019-12-19 14:10:13.309472,8.881001,-1.0,0.00165924313478,0,0,,,,,,,,,,
2019-12-19 14:10:13.313456,8.884982,-1.0,-0.0,0,0,,,,,,,,,,
2019-12-19 14:10:13.321530,8.893071,-1.0,-0.0,0,0,,,,,,,,,,
2019-12-19 14:10:13.329385,8.900928,-1.0,-0.0,0,0,,,,,,,,,,
2019-12-19 14:10:13.337518,8.909044,-1.0,-0.0,0,0,,,,,,,,,,
2019-12-19 14:10:13.341402,8.912945,-1.0,-0.0,0,0,,,,,,,,,,
2019-12-19 14:10:13.349680,8.921214,-1.0,-0.0,0,0,,,,,,,,,,
2019-12-19 14:10:13.426016,8.997586,-0.945741295815,-0.0,0,0,,,,,,,,,,
2019-12-19 14:10:13.429870,9.001431,-0.848082065582,-0.0,0,0,,,,,,,,,,
2019-12-19 14:10:13.434654,9.006219,-0.739564657211,-0.0,0,0,,,,,,,,,,
2019-12-19 14:10:13.437894,9.009451,-0.565930426121,0.0233434475958,0,0,,,,,,,,,,
2019-12-19 14:10:13.442028,9.013604,-0.316321134567,0.0450597777963,0,0,,,,,,,,,,
2019-12-19 14:10:13.447277,9.018852,-0.0341694876552,0.0559179410338,0,0,,,,,,,,,,
2019-12-19 14:10:13.449952,9.021515,-0.0,0.0450597777963,0,0,,,,,,,,,,
2019-12-19 14:10:13.454759,9.026377,-0.0,0.0342016108334,0,0,,,,,,,,,,
2019-12-19 14:10:13.458581,9.030161,0.00165924313478,-0.0,0,0,,,,,,,,,,
2019-12-19 14:10:13.461937,9.033496,0.0993184745312,-0.0,0,0,,,,,,,,,,
2019-12-19 14:10:13.465922,9.037477,0.229552194476,-0.0,0,0,,,,,,,,,,
2019-12-19 14:10:13.470162,9.041723,0.392328292131,-0.0,0,0,,,,,,,,,,
2019-12-19 14:10:13.474590,9.046186,0.565962553024,-0.0,0,0,,,,,,,,,,
2019-12-19 14:10:13.478051,9.049625,0.826397895813,-0.0,0,0,,,,,,,,,,
2019-12-19 14:10:13.481988,9.053559,1.0,-0.0,0,0,,,,,,,,,,
2019-12-19 14:10:13.550889,9.122431,1.0,-0.0,1,0,,,,,,,,,,
2019-12-19 14:10:13.681698,9.253239,0.97834789753,-0.0,0,0,,,,,,,,,,
2019-12-19 14:10:13.686111,9.257656,0.956631600857,-0.0,0,0,,,,,,,,,,
2019-12-19 14:10:13.689639,9.261227,0.891514718533,-0.0,0,0,,,,,,,,,,
2019-12-19 14:10:13.693714,9.265256,0.837256014347,-0.0,0,0,,,,,,,,,,
2019-12-19 14:10:13.697540,9.269085,0.761313140392,-0.0,0,0,,,,,,,,,,
2019-12-19 14:10:13.701635,9.273175,0.674479961395,-0.0,0,0,,,,,,,,,,
2019-12-19 14:10:13.705733,9.277277,0.544246196747,-0.0,0,0,,,,,,,,,,
2019-12-19 14:10:13.709780,9.281322,0.392328292131,-0.0,0,0,,,,,,,,,,
2019-12-19 14:10:13.713598,9.285133,0.207835868001,-0.0,0,0,,,,,,,,,,
2019-12-19 14:10:13.717604,9.289152,0.00165924313478,-0.0,0,0,,,,,,,,,,
2019-12-19 14:10:13.721565,9.293099,-0.0,-0.0,0,0,,,,,,,,,,
2019-12-19 14:10:13.917789,9.489371,-0.0,-0.0,0,0,,,,,,,,,,
2019-12-19 14:10:13.921684,9.493213,-0.0,0.0993184745312,0,0,,,,,,,,,,
2019-12-19 14:10:13.925453,9.496977,-0.0,0.229552194476,0,0,,,,,,,,,,
2019-12-19 14:10:13.929519,9.501048,-0.0,0.370611965656,0,0,,,,,,,,,,
2019-12-19 14:10:13.933759,9.505299,-0.0,0.576820731163,0,0,,,,,,,,,,
2019-12-19 14:10:13.938069,9.509649,-0.0,0.815571844578,0,0,,,,,,,,,,
2019-12-19 14:10:13.941796,9.513337,-0.0,1.0,0,0,,,,,,,,,,
2019-12-19 14:10:14.051540,9.623127,-0.0,1.0,1,0,,,,,,,,,,
2019-12-19 14:10:14.101856,9.6734,-0.0,0.956631600857,0,0,,,,,,,,,,
2019-12-19 14:10:14.105581,9.677107,-0.0,0.934947371483,0,0,,,,,,,,,,
2019-12-19 14:10:14.109569,9.681107,-0.0,0.902372896671,0,0,,,,,,,,,,
2019-12-19 14:10:14.113563,9.685104,-0.0,0.858972370625,0,0,,,,,,,,,,
2019-12-19 14:10:14.117611,9.689147,-0.0,0.826397895813,0,0,,,,,,,,,,
2019-12-19 14:10:14.121479,9.69301,-0.0,0.772139191628,0,0,,,,,,,,,,
2019-12-19 14:10:14.125464,9.696994,-0.0,0.728738665581,0,0,,,,,,,,,,
2019-12-19 14:10:14.129930,9.701474,-0.0,0.674479961395,0,0,,,,,,,,,,
2019-12-19 14:10:14.133824,9.705372,-0.0,0.576820731163,0,0,,,,,,,,,,
2019-12-19 14:10:14.137752,9.709299,-0.0,0.511703848839,0,0,,,,,,,,,,
2019-12-19 14:10:14.141733,9.713271,-0.0,0.359753787518,0,0,,,,,,,,,,
2019-12-19 14:10:14.146030,9.717566,-0.0,0.218694031239,0,0,,,,,,,,,,
2019-12-19 14:10:14.149486,9.721013,-0.0,0.077602148056,0,0,,,,,,,,,,
2019-12-19 14:10:14.153480,9.725007,-0.0,-0.0,0,0,,,,,,,,,,
2019-12-19 14:10:14.169635,9.74117,-0.0,-0.0,0,0,,,,,,,,,,
2019-12-19 14:10:14.173535,9.745067,-0.0,-0.0775700211525,0,0,,,,,,,,,,
2019-12-19 14:10:14.177686,9.749237,-0.0,-0.186087414622,0,0,,,,,,,,,,
2019-12-19 14:10:14.181716,9.753286,-0.0,-0.283778756857,0,0,,,,,,,,,,
2019-12-19 14:10:14.185546,9.757076,-0.0,-0.414012491703,0,0,,,,,,,,,,
2019-12-19 14:10:14.189485,9.761015,-0.0,-0.468271195889,0,0,,,,,,,,,,
2019-12-19 14:10:14.194417,9.765974,-0.0,-0.576788604259,0,0,,,,,,,,,,
2019-12-19 14:10:14.197838,9.769383,-0.0,-0.696164131165,0,0,,,,,,,,,,
2019-12-19 14:10:14.201526,9.77306,-0.0,-0.793823361397,0,0,,,,,,,,,,
2019-12-19 14:10:14.205633,9.777161,-0.0,-0.86979842186,0,0,,,,,,,,,,
2019-12-19 14:10:14.209590,9.781134,-0.0,-0.967457652092,0,0,,,,,,,,,,
2019-12-19 14:10:14.213629,9.785169,-0.0,-0.978315770626,0,0,,,,,,,,,,
2019-12-19 14:10:14.217625,9.789161,-0.0,-1.0,0,0,,,,,,,,,,
2019-12-19 14:10:14.369643,9.941182,-0.0,-0.989173948765,0,0,,,,,,,,,,
2019-12-19 14:10:14.373585,9.945118,-0.0,-0.967457652092,0,0,,,,,,,,,,
2019-12-19 14:10:14.377705,9.949248,-0.0,-0.902340769768,0,0,,,,,,,,,,
2019-12-19 14:10:14.381801,9.953346,-0.0,-0.858940243721,0,0,,,,,,,,,,
2019-12-19 14:10:14.385718,9.95726,-0.0,-0.793823361397,0,0,,,,,,,,,,
2019-12-19 14:10:14.389630,9.961164,-0.0,-0.739564657211,0,0,,,,,,,,,,
2019-12-19 14:10:14.394070,9.965612,-0.0,-0.652731478214,0,0,,,,,,,,,,
2019-12-19 14:10:14.397710,9.969252,-0.0,-0.544214069843,0,0,,,,,,,,,,
2019-12-19 14:10:14.401694,9.973228,-0.00162711844314,-0.424838542938,0,0,,,,,,,,,,
2019-12-19 14:10:14.405630,9.977166,-0.0124531583861,-0.305462986231,0,0,,,,,,,,,,
2019-12-19 14:10:14.410066,9.981595,-0.0124531583861,-0.251204282045,0,0,,,,,,,,,,
2019-12-19 14:10:14.413610,9.985151,-0.0124531583861,-0.175261378288,0,0,,,,,,,,,,
2019-12-19 14:10:14.417696,9.989271,-0.0124531583861,-0.110144510865,0,0,,,,,,,,,,
2019-12-19 14:10:14.421688,9.993226,-0.0124531583861,-0.0341694876552,0,0,,,,,,,,,,
2019-12-19 14:10:14.425585,9.997118,-0.0124531583861,-0.0,0,0,,,,,,,,,,
2019-12-19 14:10:14.429574,10.001098,-0.0124531583861,-0.0,0,0,,,,,,,,,,
2019-12-19 14:10:14.437822,10.00952,-0.00162711844314,-0.0,0,0,,,,,,,,,,
2019-12-19 14:10:14.441574,10.013105,-0.0,-0.0,0,0,,,,,,,,,,
2019-12-19 14:10:14.445634,10.017186,-0.0,-0.0,0,0,,,,,,,,,,
2019-12-19 14:10:14.461554,10.033085,-0.00162711844314,-0.0,0,0,,,,,,,,,,
2019-12-19 14:10:14.465521,10.037048,-0.0775700211525,0.0667439773679,0,0,,,,,,,,,,
2019-12-19 14:10:14.469602,10.041132,-0.164403215051,0.13186083734,0,0,,,,,,,,,,
2019-12-19 14:10:14.473699,10.045227,-0.262062430382,0.251236408949,0,0,,,,,,,,,,
2019-12-19 14:10:14.477960,10.049505,-0.392296165228,0.370611965656,0,0,,,,,,,,,,
2019-12-19 14:10:14.481613,10.053146,-0.576788604259,0.544246196747,0,0,,,,,,,,,,
2019-12-19 14:10:14.485823,10.057427,-0.728706538677,0.674479961395,0,0,,,,,,,,,,
2019-12-19 14:10:14.489584,10.061121,-0.815539717674,0.804713666439,0,0,,,,,,,,,,
2019-12-19 14:10:14.493940,10.065492,-0.848082065582,0.858972370625,0,0,,,,,,,,,,
2019-12-19 14:10:14.497565,10.0691,-0.826365768909,0.891514718533,0,0,,,,,,,,,,
2019-12-19 14:10:14.505761,10.077288,-0.826365768909,0.880688667297,0,0,,,,,,,,,,
2019-12-19 14:10:14.509812,10.081351,-0.826365768909,0.891514718533,0,0,,,,,,,,,,
2019-12-19 14:10:14.533718,10.105259,-0.815539717674,0.891514718533,0,0,,,,,,,,,,
2019-12-19 14:10:14.537527,10.109057,-0.804681539536,0.902372896671,0,0,,,,,,,,,,
2019-12-19 14:10:14.550634,10.122189,-0.804681539536,0.902372896671,1,0,,,,,,,,,,
2019-12-19 14:10:14.553586,10.125132,-0.804681539536,0.891514718533,0,0,,,,,,,,,,
2019-12-19 14:10:14.557630,10.129167,-0.804681539536,0.902372896671,0,0,,,,,,,,,,
2019-12-19 14:10:14.561659,10.133199,-0.793823361397,0.902372896671,0,0,,,,,,,,,,
2019-12-19 14:10:14.565817,10.137419,-0.782965183258,0.91323107481,0,0,,,,,,,,,,
2019-12-19 14:10:14.569586,10.14113,-0.772107064724,0.91323107481,0,0,,,,,,,,,,
2019-12-19 14:10:14.573541,10.145066,-0.772107064724,0.924089252949,0,0,,,,,,,,,,
2019-12-19 14:10:14.577799,10.149378,-0.772107064724,0.934947371483,0,0,,,,,,,,,,
2019-12-19 14:10:14.581612,10.153149,-0.761281013489,0.934947371483,0,0,,,,,,,,,,
2019-12-19 14:10:14.589551,10.161092,-0.75042283535,0.934947371483,0,0,,,,,,,,,,
2019-12-19 14:10:14.593665,10.165217,-0.685305953026,0.934947371483,0,0,,,,,,,,,,
2019-12-19 14:10:14.597980,10.169521,-0.652731478214,0.945773422718,0,0,,,,,,,,,,
2019-12-19 14:10:14.601828,10.173382,-0.587646722794,0.934947371483,0,0,,,,,,,,,,
2019-12-19 14:10:14.605919,10.177454,-0.511671721935,0.934947371483,0,0,,,,,,,,,,
2019-12-19 14:10:14.609608,10.18115,-0.424838542938,0.934947371483,0,0,,,,,,,,,,
2019-12-19 14:10:14.613688,10.185218,-0.381437987089,0.945773422718,0,0,,,,,,,,,,
2019-12-19 14:10:14.617948,10.189528,-0.283778756857,0.934947371483,0,0,,,,,,,,,,
2019-12-19 14:10:14.621614,10.193159,-0.240346118808,0.934947371483,0,0,,,,,,,,,,
2019-12-19 14:10:14.625506,10.197038,-0.186087414622,0.934947371483,0,0,,,,,,,,,,
2019-12-19 14:10:14.629662,10.201212,-0.142686888576,0.91323107481,0,0,,,,,,,,,,
2019-12-19 14:10:14.633745,10.205288,-0.0775700211525,0.902372896671,0,0,,,,,,,,,,
2019-12-19 14:10:14.637562,10.20909,-0.0233113225549,0.858972370625,0,0,,,,,,,,,,
2019-12-19 14:10:14.641541,10.21307,-0.0,0.826397895813,0,0,,,,,,,,,,
2019-12-19 14:10:14.645635,10.217174,-0.0,0.782997310162,0,0,,,,,,,,,,
2019-12-19 14:10:14.649986,10.221533,-0.0,0.750454962254,0,0,,,,,,,,,,
2019-12-19 14:10:14.653541,10.225093,-0.0,0.696196258068,0,0,,,,,,,,,,
2019-12-19 14:10:14.657548,10.229098,-0.0,0.663621783257,0,0,,,,,,,,,,
2019-12-19 14:10:14.661597,10.233126,-0.0,0.576820731163,0,0,,,,,,,,,,
2019-12-19 14:10:14.665562,10.237107,-0.0,0.544246196747,0,0,,,,,,,,,,
2019-12-19 14:10:14.669454,10.240986,-0.0,0.457445144653,0,0,,,,,,,,,,
2019-12-19 14:10:14.673602,10.245125,-0.0,0.359753787518,0,0,,,,,,,,,,
2019-12-19 14:10:14.677889,10.249469,-0.0,0.316353261471,0,0,,,,,,,,,,
2019-12-19 14:10:14.681700,10.25324,-0.0,0.207835868001,0,0,,,,,,,,,,
2019-12-19 14:10:14.685757,10.257286,-0.0,0.110176637769,0,0,,,,,,,,,,
2019-12-19 14:10:14.689498,10.261018,-0.0,0.0667439773679,0,0,,,,,,,,,,
2019-12-19 14:10:14.693669,10.265216,-0.0,-0.0,0,0,,,,,,,,,,
2019-12-19 14:10:14.737726,10.309266,-0.0,-0.0,0,0,,,,,,,,,,
2019-12-19 14:10:14.741456,10.312982,-0.0,-0.0450276508927,0,0,,,,,,,,,,
2019-12-19 14:10:14.745693,10.317243,-0.0,-0.110144510865,0,0,,,,,,,,,,
2019-12-19 14:10:14.750052,10.321604,-0.0,-0.186087414622,0,0,,,,,,,,,,
2019-12-19 14:10:14.753781,10.325329,-0.0341694876552,-0.272920608521,0,0,,,,,,,,,,
2019-12-19 14:10:14.757502,10.329047,-0.0884281843901,-0.348895639181,0,0,,,,,,,,,,
2019-12-19 14:10:14.761568,10.333116,-0.153545051813,-0.435696691275,0,0,,,,,,,,,,
2019-12-19 14:10:14.766581,10.338148,-0.218661904335,-0.533355951309,0,0,,,,,,,,,,
2019-12-19 14:10:14.769630,10.341204,-0.262062430382,-0.620189130306,0,0,,,,,,,,,,
2019-12-19 14:10:14.773554,10.345083,-0.359721660614,-0.696164131165,0,0,,,,,,,,,,
2019-12-19 14:10:14.777939,10.34948,-0.414012491703,-0.75042283535,0,0,,,,,,,,,,
2019-12-19 14:10:14.781632,10.353201,-0.48995539546,-0.793823361397,0,0,,,,,,,,,,
2019-12-19 14:10:14.785587,10.357127,-0.576788604259,-0.848082065582,0,0,,,,,,,,,,
2019-12-19 14:10:14.789754,10.361299,-0.641905426979,-0.858940243721,0,0,,,,,,,,,,
2019-12-19 14:10:14.793618,10.365162,-0.674447834492,-0.86979842186,0,0,,,,,,,,,,
2019-12-19 14:10:14.797585,10.369122,-0.696164131165,-0.880656540394,0,0,,,,,,,,,,
2019-12-19 14:10:14.801813,10.373348,-0.707022309303,-0.880656540394,0,0,,,,,,,,,,
2019-12-19 14:10:14.805447,10.376968,-0.707022309303,-0.86979842186,0,0,,,,,,,,,,
2019-12-19 14:10:14.809848,10.381397,-0.728706538677,-0.880656540394,0,0,,,,,,,,,,
2019-12-19 14:10:14.814236,10.385782,-0.75042283535,-0.86979842186,0,0,,,,,,,,,,
2019-12-19 14:10:14.821734,10.393353,-0.761281013489,-0.858940243721,0,0,,,,,,,,,,
2019-12-19 14:10:14.825585,10.397113,-0.772107064724,-0.848082065582,0,0,,,,,,,,,,
2019-12-19 14:10:14.829600,10.401135,-0.782965183258,-0.848082065582,0,0,,,,,,,,,,
2019-12-19 14:10:14.833612,10.40515,-0.804681539536,-0.815539717674,0,0,,,,,,,,,,
2019-12-19 14:10:14.837732,10.409263,-0.837223887444,-0.793823361397,0,0,,,,,,,,,,
2019-12-19 14:10:14.841526,10.41306,-0.880656540394,-0.772107064724,0,0,,,,,,,,,,
2019-12-19 14:10:14.845726,10.417272,-0.902340769768,-0.75042283535,0,0,,,,,,,,,,
2019-12-19 14:10:14.849815,10.421356,-0.924057126045,-0.717848360538,0,0,,,,,,,,,,
2019-12-19 14:10:14.853585,10.425125,-0.945741295815,-0.685305953026,0,0,,,,,,,,,,
2019-12-19 14:10:14.857632,10.429164,-0.967457652092,-0.631047308445,0,0,,,,,,,,,,
2019-12-19 14:10:14.861696,10.433246,-0.978315770626,-0.609330952168,0,0,,,,,,,,,,
2019-12-19 14:10:14.865753,10.43729,-0.989173948765,-0.565930426121,0,0,,,,,,,,,,
2019-12-19 14:10:14.869583,10.441116,-1.0,-0.533355951309,0,0,,,,,,,,,,
2019-12-19 14:10:14.873585,10.445107,-1.0,-0.511671721935,0,0,,,,,,,,,,
2019-12-19 14:10:14.877625,10.449163,-1.0,-0.468271195889,0,0,,,,,,,,,,
2019-12-19 14:10:14.882008,10.453549,-1.0,-0.45741301775,0,0,,,,,,,,,,
2019-12-19 14:10:14.885781,10.457313,-1.0,-0.424838542938,0,0,,,,,,,,,,
2019-12-19 14:10:14.893724,10.465268,-1.0,-0.414012491703,0,0,,,,,,,,,,
2019-12-19 14:10:14.897770,10.469344,-1.0,-0.403154343367,0,0,,,,,,,,,,
2019-12-19 14:10:14.901641,10.473173,-1.0,-0.392296165228,0,0,,,,,,,,,,
2019-12-19 14:10:14.905510,10.477121,-1.0,-0.381437987089,0,0,,,,,,,,,,
2019-12-19 14:10:14.909751,10.481308,-1.0,-0.370579838753,0,0,,,,,,,,,,
2019-12-19 14:10:14.913680,10.485211,-1.0,-0.359721660614,0,0,,,,,,,,,,
2019-12-19 14:10:14.929968,10.501521,-1.0,-0.348895639181,0,0,,,,,,,,,,
2019-12-19 14:10:14.933800,10.505371,-1.0,-0.338037461042,0,0,,,,,,,,,,
2019-12-19 14:10:14.937741,10.509312,-1.0,-0.316321134567,0,0,,,,,,,,,,
2019-12-19 14:10:14.941771,10.513311,-0.989173948765,-0.294636934996,0,0,,,,,,,,,,
2019-12-19 14:10:14.945917,10.517582,-0.945741295815,-0.272920608521,0,0,,,,,,,,,,
2019-12-19 14:10:14.949689,10.521226,-0.837223887444,-0.229520067573,0,0,,,,,,,,,,
2019-12-19 14:10:14.953680,10.525218,-0.75042283535,-0.186087414622,0,0,,,,,,,,,,
2019-12-19 14:10:14.957493,10.529014,-0.620189130306,-0.164403215051,0,0,,,,,,,,,,
2019-12-19 14:10:14.962041,10.533588,-0.435696691275,-0.0992863476276,0,0,,,,,,,,,,
2019-12-19 14:10:14.965758,10.537305,-0.229520067573,-0.00162711844314,0,0,,,,,,,,,,
2019-12-19 14:10:14.969612,10.541148,-0.0,-0.0,0,0,,,,,,,,,,
2019-12-19 14:10:14.973564,10.54509,-0.0,-0.0,0,0,,,,,,,,,,
2019-12-19 14:10:14.993643,10.565172,-0.0,-0.0,0,0,,,,,,,,,,
2019-12-19 14:10:14.997751,10.569278,0.0993184745312,-0.0,0,0,,,,,,,,,,
2019-12-19 14:10:15.001574,10.573112,0.272952735424,-0.0,0,0,,,,,,,,,,
2019-12-19 14:10:15.005755,10.57732,0.424870669842,-0.0,0,0,,,,,,,,,,
2019-12-19 14:10:15.009935,10.581477,0.631079435349,-0.0,0,0,,,,,,,,,,
2019-12-19 14:10:15.013882,10.585423,0.804713666439,-0.0,0,0,,,,,,,,,,
2019-12-19 14:10:15.018102,10.589638,0.772139191628,-0.0,0,0,,,,,,,,,,
2019-12-19 14:10:15.021589,10.593121,0.750454962254,-0.0,0,0,,,,,,,,,,
2019-12-19 14:10:15.025575,10.597114,0.804713666439,-0.0,0,0,,,,,,,,,,
2019-12-19 14:10:15.029739,10.601296,0.880688667297,-0.0,0,0,,,,,,,,,,
2019-12-19 14:10:15.033956,10.605507,0.97834789753,-0.0,0,0,,,,,,,,,,
2019-12-19 14:10:15.037630,10.609163,1.0,-0.0,0,0,,,,,,,,,,
2019-12-19 14:10:15.050827,10.622357,1.0,-0.0,1,0,,,,,,,,,,
2019-12-19 14:10:15.134050,10.70564,0.967489778996,-0.0,0,0,,,,,,,,,,
2019-12-19 14:10:15.137710,10.709239,0.934947371483,-0.0,0,0,,,,,,,,,,
2019-12-19 14:10:15.141668,10.713196,0.880688667297,-0.0,0,0,,,,,,,,,,
2019-12-19 14:10:15.145850,10.717389,0.804713666439,-0.0,0,0,,,,,,,,,,
2019-12-19 14:10:15.149693,10.721236,0.717880487442,-0.0,0,0,,,,,,,,,,
2019-12-19 14:10:15.153769,10.72533,0.598504900932,-0.0,0,0,,,,,,,,,,
2019-12-19 14:10:15.157584,10.729127,0.435728818178,-0.0,0,0,,,,,,,,,,
2019-12-19 14:10:15.161569,10.733212,0.28381088376,-0.0,0,0,,,,,,,,,,
2019-12-19 14:10:15.165697,10.737236,0.077602148056,-0.0,0,0,,,,,,,,,,
2019-12-19 14:10:15.169712,10.741271,-0.0,-0.0,0,0,,,,,,,,,,
2019-12-19 14:10:15.221738,10.793284,-0.0,-0.0,0,0,,,,,,,,,,
2019-12-19 14:10:15.225488,10.797016,-0.0,0.0450597777963,0,0,,,,,,,,,,
2019-12-19 14:10:15.229609,10.801151,-0.0,0.0993184745312,0,0,,,,,,,,,,
2019-12-19 14:10:15.233659,10.805198,-0.0,0.175293505192,0,0,,,,,,,,,,
2019-12-19 14:10:15.237766,10.809305,-0.0,0.24037823081,0,0,,,,,,,,,,
2019-12-19 14:10:15.241673,10.813212,-0.0,0.348927766085,0,0,,,,,,,,,,
2019-12-19 14:10:15.245899,10.817442,-0.0,0.370611965656,0,0,,,,,,,,,,
2019-12-19 14:10:15.250035,10.821614,-0.0,0.5008456707,0,0,,,,,,,,,,
2019-12-19 14:10:15.253552,10.825081,-0.0,0.565962553024,0,0,,,,,,,,,,
2019-12-19 14:10:15.257813,10.829364,0.0124852824956,0.674479961395,0,0,,,,,,,,,,
2019-12-19 14:10:15.261554,10.833095,0.0450597777963,0.761313140392,0,0,,,,,,,,,,
2019-12-19 14:10:15.265536,10.837067,0.0884603112936,0.869830548763,0,0,,,,,,,,,,
2019-12-19 14:10:15.269635,10.841166,0.0993184745312,0.989206075668,0,0,,,,,,,,,,
2019-12-19 14:10:15.273585,10.845114,0.110176637769,1.0,0,0,,,,,,,,,,
2019-12-19 14:10:15.277806,10.849367,0.0993184745312,1.0,0,0,,,,,,,,,,
2019-12-19 14:10:15.290189,10.861727,0.110176637769,1.0,0,0,,,,,,,,,,
2019-12-19 14:10:15.305563,10.877092,0.0993184745312,1.0,0,0,,,,,,,,,,
2019-12-19 14:10:15.309738,10.88128,0.110176637769,1.0,0,0,,,,,,,,,,
2019-12-19 14:10:15.321843,10.893382,0.0993184745312,1.0,0,0,,,,,,,,,,
2019-12-19 14:10:15.333680,10.905231,0.110176637769,1.0,0,0,,,,,,,,,,
2019-12-19 14:10:15.337577,10.909109,0.0993184745312,1.0,0,0,,,,,,,,,,
2019-12-19 14:10:15.341638,10.913168,0.110176637769,1.0,0,0,,,,,,,,,,
2019-12-19 14:10:15.345851,10.917401,0.0993184745312,1.0,0,0,,,,,,,,,,
2019-12-19 14:10:15.349688,10.921227,0.110176637769,1.0,0,0,,,,,,,,,,
2019-12-19 14:10:15.357638,10.929177,0.0993184745312,1.0,0,0,,,,,,,,,,
2019-12-19 14:10:15.361709,10.933255,0.110176637769,1.0,0,0,,,,,,,,,,
2019-12-19 14:10:15.369576,10.941111,0.0993184745312,1.0,0,0,,,,,,,,,,
2019-12-19 14:10:15.373519,10.945048,0.0667439773679,1.0,0,0,,,,,,,,,,
2019-12-19 14:10:15.377812,10.94935,0.0450597777963,1.0,0,0,,,,,,,,,,
2019-12-19 14:10:15.382777,10.954368,0.0124852824956,1.0,0,0,,,,,,,,,,
2019-12-19 14:10:15.385850,10.957386,-0.0,1.0,0,0,,,,,,,,,,
2019-12-19 14:10:15.389677,10.961218,-0.0,1.0,0,0,,,,,,,,,,
2019-12-19 14:10:15.417793,10.98934,-0.0,0.97834789753,0,0,,,,,,,,,,
2019-12-19 14:10:15.421911,10.993448,-0.0,0.848114192486,0,0,,,,,,,,,,
2019-12-19 14:10:15.425566,10.99712,-0.0,0.717880487442,0,0,,,,,,,,,,
2019-12-19 14:10:15.429539,11.001064,-0.0,0.555104374886,0,0,,,,,,,,,,
2019-12-19 14:10:15.433682,11.005217,-0.0,0.359753787518,0,0,,,,,,,,,,
2019-12-19 14:10:15.437529,11.009058,-0.0,0.142719000578,0,0,,,,,,,,,,
2019-12-19 14:10:15.441467,11.013035,-0.0,-0.0,0,0,,,,,,,,,,
2019-12-19 14:10:15.453778,11.025317,-0.0,-0.0,0,0,,,,,,,,,,
2019-12-19 14:10:15.457638,11.02921,-0.0,-0.110144510865,0,0,,,,,,,,,,
2019-12-19 14:10:15.461618,11.033156,-0.0,-0.207803741097,0,0,,,,,,,,,,
2019-12-19 14:10:15.465523,11.037048,-0.0,-0.370579838753,0,0,,,,,,,,,,
2019-12-19 14:10:15.469459,11.040982,-0.0,-0.522529900074,0,0,,,,,,,,,,
2019-12-19 14:10:15.473486,11.045017,-0.0,-0.696164131165,0,0,,,,,,,,,,
2019-12-19 14:10:15.477631,11.049183,-0.0,-0.848082065582,0,0,,,,,,,,,,
2019-12-19 14:10:15.481782,11.053328,-0.0,-1.0,0,0,,,,,,,,,,
2019-12-19 14:10:15.525608,11.097152,-0.0,-0.858940243721,0,0,,,,,,,,,,
2019-12-19 14:10:15.529602,11.101146,-0.0,-0.86979842186,0,0,,,,,,,,,,
2019-12-19 14:10:15.533689,11.105243,-0.0,-0.945741295815,0,0,,,,,,,,,,
2019-12-19 14:10:15.537639,11.109167,-0.0,-0.967457652092,0,0,,,,,,,,,,
2019-12-19 14:10:15.551313,11.122856,-0.0,-0.967457652092,1,0,,,,,,,,,,
2019-12-19 14:10:15.593703,11.165242,-0.0,-0.945741295815,0,0,,,,,,,,,,
2019-12-19 14:10:15.597904,11.169475,-0.0,-0.858940243721,0,0,,,,,,,,,,
2019-12-19 14:10:15.601766,11.173302,-0.0,-0.826365768909,0,0,,,,,,,,,,
2019-12-19 14:10:15.605532,11.177054,-0.0,-0.772107064724,0,0,,,,,,,,,,
2019-12-19 14:10:15.609665,11.181214,-0.0,-0.707022309303,0,0,,,,,,,,,,
2019-12-19 14:10:15.613710,11.185253,-0.0,-0.641905426979,0,0,,,,,,,,,,
2019-12-19 14:10:15.617678,11.189211,-0.0,-0.565930426121,0,0,,,,,,,,,,
2019-12-19 14:10:15.621644,11.193194,-0.0,-0.468271195889,0,0,,,,,,,,,,
2019-12-19 14:10:15.625582,11.19712,-0.0,-0.414012491703,0,0,,,,,,,,,,
2019-12-19 14:10:15.629531,11.201056,-0.0,-0.272920608521,0,0,,,,,,,,,,
2019-12-19 14:10:15.633579,11.205115,-0.0,-0.0124531583861,0,0,,,,,,,,,,
2019-12-19 14:10:15.637509,11.20903,-0.0,-0.0,0,0,,,,,,,,,,
2019-12-19 14:10:15.929720,11.501267,-0.0,-0.0,0,0,,,,,,,,,,
2019-12-19 14:10:15.933748,11.505293,-0.0884281843901,-0.0,0,0,,,,,,,,,,
2019-12-19 14:10:15.937541,11.509063,-0.251204282045,-0.0,0,0,,,,,,,,,,
2019-12-19 14:10:15.941650,11.513174,-0.392296165228,0.0450597777963,0,0,,,,,,,,,,
2019-12-19 14:10:15.945801,11.517337,-0.587646722794,0.077602148056,0,0,,,,,,,,,,
2019-12-19 14:10:15.949938,11.521505,-0.772107064724,0.0884603112936,0,0,,,,,,,,,,
2019-12-19 14:10:15.953561,11.525094,-0.978315770626,0.0993184745312,0,0,,,,,,,,,,
2019-12-19 14:10:15.957521,11.529047,-1.0,0.110176637769,0,0,,,,,,,,,,
2019-12-19 14:10:15.973590,11.54512,-1.0,0.121034801006,0,0,,,,,,,,,,
2019-12-19 14:10:15.977830,11.549368,-1.0,0.110176637769,0,0,,,,,,,,,,
2019-12-19 14:10:16.001771,11.573313,-1.0,0.121034801006,0,0,,,,,,,,,,
2019-12-19 14:10:16.005575,11.577108,-1.0,0.110176637769,0,0,,,,,,,,,,
2019-12-19 14:10:16.029650,11.60119,-1.0,0.121034801006,0,0,,,,,,,,,,
2019-12-19 14:10:16.033606,11.60514,-1.0,0.110176637769,0,0,,,,,,,,,,
2019-12-19 14:10:16.037523,11.609183,-1.0,0.121034801006,0,0,,,,,,,,,,
2019-12-19 14:10:16.046178,11.617713,-1.0,0.110176637769,0,0,,,,,,,,,,
2019-12-19 14:10:16.050597,11.622134,-1.0,0.110176637769,1,0,,,,,,,,,,
2019-12-19 14:10:16.065765,11.637295,-0.989173948765,0.110176637769,0,0,,,,,,,,,,
2019-12-19 14:10:16.069861,11.641387,-0.934915244579,0.110176637769,0,0,,,,,,,,,,
2019-12-19 14:10:16.073618,11.645149,-0.902340769768,0.121034801006,0,0,,,,,,,,,,
2019-12-19 14:10:16.077681,11.649235,-0.858940243721,0.110176637769,0,0,,,,,,,,,,
2019-12-19 14:10:16.081591,11.653168,-0.848082065582,0.110176637769,0,0,,,,,,,,,,
2019-12-19 14:10:16.089879,11.661417,-0.837223887444,0.110176637769,0,0,,,,,,,,,,
2019-12-19 14:10:16.093814,11.665525,-0.826365768909,0.110176637769,0,0,,,,,,,,,,
2019-12-19 14:10:16.101656,11.6732,-0.815539717674,0.110176637769,0,0,,,,,,,,,,
2019-12-19 14:10:16.105593,11.677127,-0.804681539536,0.0993184745312,0,0,,,,,,,,,,
2019-12-19 14:10:16.109626,11.681171,-0.793823361397,0.0993184745312,0,0,,,,,,,,,,
2019-12-19 14:10:16.117603,11.689135,-0.782965183258,0.0993184745312,0,0,,,,,,,,,,
2019-12-19 14:10:16.121659,11.69319,-0.761281013489,0.0993184745312,0,0,,,,,,,,,,
2019-12-19 14:10:16.129647,11.701187,-0.75042283535,0.0884603112936,0,0,,,,,,,,,,
2019-12-19 14:10:16.133564,11.705093,-0.728706538677,0.0884603112936,0,0,,,,,,,,,,
2019-12-19 14:10:16.137534,11.709062,-0.674447834492,0.0884603112936,0,0,,,,,,,,,,
2019-12-19 14:10:16.141576,11.713106,-0.641905426979,0.0884603112936,0,0,,,,,,,,,,
2019-12-19 14:10:16.145749,11.71729,-0.587646722794,0.0884603112936,0,0,,,,,,,,,,
2019-12-19 14:10:16.149752,11.72133,-0.500813543797,0.0884603112936,0,0,,,,,,,,,,
2019-12-19 14:10:16.153798,11.72534,-0.381437987089,0.0884603112936,0,0,,,,,,,,,,
2019-12-19 14:10:16.157583,11.729123,-0.283778756857,0.0884603112936,0,0,,,,,,,,,,
2019-12-19 14:10:16.161520,11.733056,-0.186087414622,0.0884603112936,0,0,,,,,,,,,,
2019-12-19 14:10:16.165631,11.737169,-0.0341694876552,0.077602148056,0,0,,,,,,,,,,
2019-12-19 14:10:16.169548,11.741083,-0.0,0.0667439773679,0,0,,,,,,,,,,
2019-12-19 14:10:16.173553,11.745083,-0.0,0.0450597777963,0,0,,,,,,,,,,
2019-12-19 14:10:16.177621,11.749159,-0.0,-0.0,0,0,,,,,,,,,,
2019-12-19 14:10:16.181777,11.753319,-0.0,-0.0,0,0,,,,,,,,,,
2019-12-19 14:10:16.186121,11.75767,-0.0,-0.0,0,0,,,,,,,,,,
2019-12-19 14:10:16.189579,11.761121,-0.0,-0.0,0,0,,,,,,,,,,
2019-12-19 14:10:16.193544,11.765079,0.0233434475958,-0.0,0,0,,,,,,,,,,
2019-12-19 14:10:16.197523,11.769061,0.0993184745312,-0.0,0,0,,,,,,,,,,
2019-12-19 14:10:16.201727,11.773274,0.218694031239,-0.0,0,0,,,,,,,,,,
2019-12-19 14:10:16.205723,11.777285,0.32721143961,-0.0,0,0,,,,,,,,,,
2019-12-19 14:10:16.209593,11.781123,0.468303322792,-0.0,0,0,,,,,,,,,,
2019-12-19 14:10:16.213613,11.785167,0.631079435349,-0.0,0,0,,,,,,,,,,
2019-12-19 14:10:16.217729,11.78986,0.804713666439,-0.0,0,0,,,,,,,,,,
2019-12-19 14:10:16.221693,11.793231,0.989206075668,-0.0,0,0,,,,,,,,,,
2019-12-19 14:10:16.225533,11.797058,1.0,-0.0,0,0,,,,,,,,,,
2019-12-19 14:10:16.233631,11.80517,1.0,-0.0,0,0,,,,,,,,,,
2019-12-19 14:10:16.321693,11.893234,1.0,-0.0,0,0,,,,,,,,,,
2019-12-19 14:10:16.329558,11.90109,1.0,-0.0,0,0,,,,,,,,,,
2019-12-19 14:10:16.333551,11.905087,1.0,-0.0,0,0,,,,,,,,,,
2019-12-19 14:10:16.337634,11.909168,1.0,-0.0,0,0,,,,,,,,,,
2019-12-19 14:10:16.345736,11.917289,1.0,-0.0,0,0,,,,,,,,,,
2019-12-19 14:10:16.349878,11.921423,1.0,-0.0,0,0,,,,,,,,,,
2019-12-19 14:10:16.357603,11.929135,1.0,-0.0,0,0,,,,,,,,,,
2019-12-19 14:10:16.361666,11.933204,1.0,-0.0,0,0,,,,,,,,,,
2019-12-19 14:10:16.370051,11.941581,1.0,-0.0,0,0,,,,,,,,,,
2019-12-19 14:10:16.397725,11.969274,1.0,-0.0,0,0,,,,,,,,,,
2019-12-19 14:10:16.401604,11.973142,1.0,0.0124852824956,0,0,,,,,,,,,,
2019-12-19 14:10:16.405811,11.977356,1.0,0.0450597777963,0,0,,,,,,,,,,
2019-12-19 14:10:16.409595,11.981131,1.0,0.0667439773679,0,0,,,,,,,,,,
2019-12-19 14:10:16.413651,11.985201,1.0,0.0884603112936,0,0,,,,,,,,,,
2019-12-19 14:10:16.417776,11.989314,1.0,0.0993184745312,0,0,,,,,,,,,,
2019-12-19 14:10:16.421677,11.993216,1.0,0.13186083734,0,0,,,,,,,,,,
2019-12-19 14:10:16.425535,11.997088,1.0,0.175293505192,0,0,,,,,,,,,,
2019-12-19 14:10:16.429564,12.001095,1.0,0.229552194476,0,0,,,,,,,,,,
2019-12-19 14:10:16.433611,12.005148,1.0,0.316353261471,0,0,,,,,,,,,,
2019-12-19 14:10:16.437681,12.009228,1.0,0.359753787518,0,0,,,,,,,,,,
2019-12-19 14:10:16.441646,12.013181,1.0,0.414044618607,0,0,,,,,,,,,,
2019-12-19 14:10:16.445683,12.017238,1.0,0.5008456707,0,0,,,,,,,,,,
2019-12-19 14:10:16.449663,12.021208,1.0,0.555104374886,0,0,,,,,,,,,,
2019-12-19 14:10:16.453780,12.025315,1.0,0.598504900932,0,0,,,,,,,,,,
2019-12-19 14:10:16.457537,12.02906,0.97834789753,0.674479961395,0,0,,,,,,,,,,
2019-12-19 14:10:16.461581,12.033118,0.967489778996,0.717880487442,0,0,,,,,,,,,,
2019-12-19 14:10:16.465635,12.037184,0.945773422718,0.761313140392,0,0,,,,,,,,,,
2019-12-19 14:10:16.469577,12.041114,0.891514718533,0.815571844578,0,0,,,,,,,,,,
2019-12-19 14:10:16.473458,12.044983,0.869830548763,0.858972370625,0,0,,,,,,,,,,
2019-12-19 14:10:16.477640,12.04918,0.815571844578,0.91323107481,0,0,,,,,,,,,,
2019-12-19 14:10:16.481639,12.053191,0.772139191628,0.945773422718,0,0,,,,,,,,,,
2019-12-19 14:10:16.485660,12.057191,0.717880487442,1.0,0,0,,,,,,,,,,
2019-12-19 14:10:16.489813,12.061355,0.674479961395,1.0,0,0,,,,,,,,,,
2019-12-19 14:10:16.493594,12.065131,0.598504900932,1.0,0,0,,,,,,,,,,
2019-12-19 14:10:16.497635,12.069161,0.544246196747,1.0,0,0,,,,,,,,,,
2019-12-19 14:10:16.501556,12.07309,0.479129344225,1.0,0,0,,,,,,,,,,
2019-12-19 14:10:16.505578,12.077106,0.414044618607,1.0,0,0,,,,,,,,,,
2019-12-19 14:10:16.509666,12.08124,0.338069587946,1.0,0,0,,,,,,,,,,
2019-12-19 14:10:16.513772,12.085311,0.272952735424,1.0,0,0,,,,,,,,,,
2019-12-19 14:10:16.518031,12.089643,0.229552194476,1.0,0,0,,,,,,,,,,
2019-12-19 14:10:16.521545,12.09307,0.142719000578,1.0,0,0,,,,,,,,,,
2019-12-19 14:10:16.525610,12.097196,0.077602148056,1.0,0,0,,,,,,,,,,
2019-12-19 14:10:16.529718,12.101268,0.0233434475958,1.0,0,0,,,,,,,,,,
2019-12-19 14:10:16.533750,12.105297,-0.0,1.0,0,0,,,,,,,,,,
2019-12-19 14:10:16.537567,12.109106,-0.0,1.0,0,0,,,,,,,,,,
2019-12-19 14:10:16.551534,12.123107,-0.0,1.0,1,0,,,,,,,,,,
2019-12-19 14:10:16.633624,12.205164,-0.0,0.956631600857,0,0,,,,,,,,,,
2019-12-19 14:10:16.637670,12.20921,-0.0,0.869830548763,0,0,,,,,,,,,,
2019-12-19 14:10:16.641518,12.213052,-0.0,0.750454962254,0,0,,,,,,,,,,
2019-12-19 14:10:16.645655,12.217205,-0.0,0.609363079071,0,0,,,,,,,,,,
2019-12-19 14:10:16.649910,12.22147,-0.0,0.468303322792,0,0,,,,,,,,,,
2019-12-19 14:10:16.653708,12.225243,-0.0,0.316353261471,0,0,,,,,,,,,,
2019-12-19 14:10:16.657576,12.229116,-0.0,0.0993184745312,0,0,,,,,,,,,,
2019-12-19 14:10:16.661566,12.233096,-0.0,-0.0,0,0,,,,,,,,,,
2019-12-19 14:10:16.673608,12.245144,-0.0,-0.0124531583861,0,0,,,,,,,,,,
2019-12-19 14:10:16.677883,12.249433,-0.0,-0.131828710437,0,0,,,,,,,,,,
2019-12-19 14:10:16.681974,12.25352,-0.0,-0.272920608521,0,0,,,,,,,,,,
2019-12-19 14:10:16.685671,12.257202,-0.0,-0.414012491703,0,0,,,,,,,,,,
2019-12-19 14:10:16.689676,12.261314,-0.0,-0.544214069843,0,0,,,,,,,,,,
2019-12-19 14:10:16.693601,12.265133,-0.0,-0.631047308445,0,0,,,,,,,,,,
2019-12-19 14:10:16.701532,12.27307,-0.0,-0.707022309303,0,0,,,,,,,,,,
2019-12-19 14:10:16.705569,12.277102,-0.0,-0.793823361397,0,0,,,,,,,,,,
2019-12-19 14:10:16.709564,12.281103,-0.0,-0.86979842186,0,0,,,,,,,,,,
2019-12-19 14:10:16.714001,12.285548,0.00165924313478,-0.967457652092,0,0,,,,,,,,,,
2019-12-19 14:10:16.717662,12.289199,-0.0,-1.0,0,0,,,,,,,,,,
2019-12-19 14:10:16.721820,12.293376,0.00165924313478,-1.0,0,0,,,,,,,,,,
2019-12-19 14:10:16.789782,12.361328,0.0124852824956,-1.0,0,0,,,,,,,,,,
2019-12-19 14:10:16.793611,12.365591,0.00165924313478,-1.0,0,0,,,,,,,,,,
2019-12-19 14:10:16.837596,12.409135,-0.0,-1.0,0,0,,,,,,,,,,
2019-12-19 14:10:16.841585,12.413107,-0.0,-1.0,0,0,,,,,,,,,,
2019-12-19 14:10:16.845749,12.417298,-0.0,-0.978315770626,0,0,,,,,,,,,,
2019-12-19 14:10:16.849645,12.421191,-0.0,-0.967457652092,0,0,,,,,,,,,,
2019-12-19 14:10:16.853692,12.425257,-0.0,-0.945741295815,0,0,,,,,,,,,,
2019-12-19 14:10:16.857584,12.429131,-0.0,-0.902340769768,0,0,,,,,,,,,,
2019-12-19 14:10:16.861606,12.433134,-0.0,-0.880656540394,0,0,,,,,,,,,,
2019-12-19 14:10:16.865858,12.437429,-0.0,-0.86979842186,0,0,,,,,,,,,,
2019-12-19 14:10:16.869699,12.441228,-0.0,-0.880656540394,0,0,,,,,,,,,,
2019-12-19 14:10:16.873532,12.445058,-0.0,-0.86979842186,0,0,,,,,,,,,,
2019-12-19 14:10:16.893726,12.465274,-0.0,-0.858940243721,0,0,,,,,,,,,,
2019-12-19 14:10:16.897706,12.469235,-0.0,-0.848082065582,0,0,,,,,,,,,,
2019-12-19 14:10:16.905601,12.477135,-0.0,-0.793823361397,0,0,,,,,,,,,,
2019-12-19 14:10:16.909871,12.481413,-0.0,-0.75042283535,0,0,,,,,,,,,,
2019-12-19 14:10:16.913864,12.4854,-0.0,-0.674447834492,0,0,,,,,,,,,,
2019-12-19 14:10:16.917738,12.489301,-0.0,-0.544214069843,0,0,,,,,,,,,,
2019-12-19 14:10:16.921523,12.493052,-0.0,-0.392296165228,0,0,,,,,,,,,,
2019-12-19 14:10:16.925743,12.497287,-0.0,-0.186087414622,0,0,,,,,,,,,,
2019-12-19 14:10:16.929614,12.501143,-0.0,-0.0,0,0,,,,,,,,,,
2019-12-19 14:10:16.933776,12.505325,-0.0,-0.0,0,0,,,,,,,,,,
2019-12-19 14:10:16.941714,12.513254,-0.0,0.0559179410338,0,0,,,,,,,,,,
2019-12-19 14:10:16.946054,12.517608,-0.0,0.196977704763,0,0,,,,,,,,,,
2019-12-19 14:10:16.949774,12.52131,-0.0,0.370611965656,0,0,,,,,,,,,,
2019-12-19 14:10:16.953788,12.525328,-0.0,0.609363079071,0,0,,,,,,,,,,
2019-12-19 14:10:16.957490,12.529017,-0.0,0.815571844578,0,0,,,,,,,,,,
2019-12-19 14:10:16.961846,12.533383,-0.0,1.0,0,0,,,,,,,,,,
2019-12-19 14:10:16.965621,12.537156,-0.0,1.0,0,0,,,,,,,,,,
2019-12-19 14:10:16.969636,12.541169,-0.00162711844314,1.0,0,0,,,,,,,,,,
2019-12-19 14:10:17.051594,12.62314,-0.00162711844314,1.0,1,0,,,,,,,,,,
2019-12-19 14:10:17.081681,12.653235,-0.0,1.0,0,0,,,,,,,,,,
2019-12-19 14:10:17.085756,12.657315,-0.0,1.0,0,0,,,,,,,,,,
2019-12-19 14:10:17.093603,12.665146,-0.0,1.0,0,0,,,,,,,,,,
2019-12-19 14:10:17.117726,12.689266,-0.0,0.989206075668,0,0,,,,,,,,,,
2019-12-19 14:10:17.121598,12.693136,-0.0,0.91323107481,0,0,,,,,,,,,,
2019-12-19 14:10:17.125934,12.697509,-0.0,0.826397895813,0,0,,,,,,,,,,
2019-12-19 14:10:17.129544,12.701075,-0.0,0.739596784115,0,0,,,,,,,,,,
2019-12-19 14:10:17.133545,12.705074,-0.0,0.652763605118,0,0,,,,,,,,,,
2019-12-19 14:10:17.137940,12.709478,-0.0,0.555104374886,0,0,,,,,,,,,,
2019-12-19 14:10:17.141592,12.713123,-0.0,0.370611965656,0,0,,,,,,,,,,
2019-12-19 14:10:17.145755,12.717299,-0.0,0.272952735424,0,0,,,,,,,,,,
2019-12-19 14:10:17.150003,12.721548,-0.0,0.110176637769,0,0,,,,,,,,,,
2019-12-19 14:10:17.153703,12.725253,-0.0,-0.0,0,0,,,,,,,,,,
2019-12-19 14:10:17.169599,12.741137,-0.0,-0.0667118579149,0,0,,,,,,,,,,
2019-12-19 14:10:17.173498,12.745031,-0.0,-0.186087414622,0,0,,,,,,,,,,
2019-12-19 14:10:17.178369,12.749923,-0.0,-0.392296165228,0,0,,,,,,,,,,
2019-12-19 14:10:17.181621,12.75315,-0.0,-0.555072247982,0,0,,,,,,,,,,
2019-12-19 14:10:17.185645,12.757196,-0.0,-0.717848360538,0,0,,,,,,,,,,
2019-12-19 14:10:17.189548,12.761081,-0.0,-0.848082065582,0,0,,,,,,,,,,
2019-12-19 14:10:17.193605,12.765133,-0.0,-0.978315770626,0,0,,,,,,,,,,
2019-12-19 14:10:17.197710,12.769271,-0.0,-1.0,0,0,,,,,,,,,,
2019-12-19 14:10:17.201471,12.772999,-0.0,-0.956599473953,0,0,,,,,,,,,,
2019-12-19 14:10:17.205563,12.777104,-0.0,-1.0,0,0,,,,,,,,,,
2019-12-19 14:10:17.301711,12.873249,-0.0,-0.967457652092,0,0,,,,,,,,,,
2019-12-19 14:10:17.305504,12.877028,-0.0,-0.956599473953,0,0,,,,,,,,,,
2019-12-19 14:10:17.309677,12.881293,-0.0,-0.934915244579,0,0,,,,,,,,,,
2019-12-19 14:10:17.313719,12.885267,-0.0,-0.902340769768,0,0,,,,,,,,,,
2019-12-19 14:10:17.317633,12.889174,-0.0,-0.880656540394,0,0,,,,,,,,,,
2019-12-19 14:10:17.321628,12.893175,-0.0,-0.858940243721,0,0,,,,,,,,,,
2019-12-19 14:10:17.329604,12.901137,-0.0,-0.848082065582,0,0,,,,,,,,,,
2019-12-19 14:10:17.341648,12.91318,-0.0,-0.826365768909,0,0,,,,,,,,,,
2019-12-19 14:10:17.345748,12.917287,-0.0,-0.804681539536,0,0,,,,,,,,,,
2019-12-19 14:10:17.349710,12.921264,-0.0,-0.793823361397,0,0,,,,,,,,,,
2019-12-19 14:10:17.353644,12.925195,-0.0,-0.782965183258,0,0,,,,,,,,,,
2019-12-19 14:10:17.357910,12.929447,-0.0,-0.772107064724,0,0,,,,,,,,,,
2019-12-19 14:10:17.365796,12.937426,-0.0,-0.761281013489,0,0,,,,,,,,,,
2019-12-19 14:10:17.369743,12.941276,-0.0,-0.739564657211,0,0,,,,,,,,,,
2019-12-19 14:10:17.373562,12.945088,-0.0,-0.707022309303,0,0,,,,,,,,,,
2019-12-19 14:10:17.377643,12.949192,-0.0,-0.674447834492,0,0,,,,,,,,,,
2019-12-19 14:10:17.381601,12.953133,-0.0,-0.631047308445,0,0,,,,,,,,,,
2019-12-19 14:10:17.385789,12.95735,-0.0,-0.565930426121,0,0,,,,,,,,,,
2019-12-19 14:10:17.389800,12.961348,-0.0,-0.533355951309,0,0,,,,,,,,,,
2019-12-19 14:10:17.393667,12.965206,-0.0,-0.446554869413,0,0,,,,,,,,,,
2019-12-19 14:10:17.397706,12.969248,-0.0,-0.403154343367,0,0,,,,,,,,,,
2019-12-19 14:10:17.401695,12.973233,-0.0558858141303,-0.294636934996,0,0,,,,,,,,,,
2019-12-19 14:10:17.405554,12.977084,-0.142686888576,-0.262062430382,0,0,,,,,,,,,,
2019-12-19 14:10:17.410085,12.981626,-0.229520067573,-0.186087414622,0,0,,,,,,,,,,
2019-12-19 14:10:17.413837,12.985393,-0.305462986231,-0.110144510865,0,0,,,,,,,,,,
2019-12-19 14:10:17.417564,12.989097,-0.414012491703,-0.0558858141303,0,0,,,,,,,,,,
2019-12-19 14:10:17.421932,12.993461,-0.576788604259,-0.00162711844314,0,0,,,,,,,,,,
2019-12-19 14:10:17.425760,12.997304,-0.728706538677,-0.0,0,0,,,,,,,,,,
2019-12-19 14:10:17.429752,13.001293,-0.913198947906,-0.0,0,0,,,,,,,,,,
2019-12-19 14:10:17.433595,13.005135,-1.0,-0.0,0,0,,,,,,,,,,
2019-12-19 14:10:17.551250,13.122795,-1.0,-0.0,1,0,,,,,,,,,,
2019-12-19 14:10:17.597638,13.169169,-0.989173948765,-0.0,0,0,,,,,,,,,,
2019-12-19 14:10:17.601798,13.173378,-0.924057126045,-0.0,0,0,,,,,,,,,,
2019-12-19 14:10:17.605913,13.177511,-0.804681539536,-0.0,0,0,,,,,,,,,,
2019-12-19 14:10:17.609630,13.181173,-0.717848360538,-0.0,0,0,,,,,,,,,,
2019-12-19 14:10:17.613626,13.185174,-0.587646722794,-0.0,0,0,,,,,,,,,,
2019-12-19 14:10:17.617621,13.189167,-0.424838542938,-0.0,0,0,,,,,,,,,,
2019-12-19 14:10:17.621657,13.193196,-0.251204282045,-0.0,0,0,,,,,,,,,,
2019-12-19 14:10:17.625613,13.197144,-0.0775700211525,-0.0,0,0,,,,,,,,,,
2019-12-19 14:10:17.629696,13.201224,-0.0,-0.0,0,0,,,,,,,,,,
2019-12-19 14:10:17.693680,13.265259,-0.0,-0.0,0,0,,,,,,,,,,
2019-12-19 14:10:17.697679,13.269209,0.0342016108334,-0.0,0,0,,,,,,,,,,
2019-12-19 14:10:17.701516,13.273042,0.110176637769,-0.0,0,0,,,,,,,,,,
2019-12-19 14:10:17.705542,13.277075,0.229552194476,0.0342016108334,0,0,,,,,,,,,,
2019-12-19 14:10:17.709671,13.281218,0.294669061899,0.0667439773679,0,0,,,,,,,,,,
2019-12-19 14:10:17.713807,13.285348,0.435728818178,0.077602148056,0,0,,,,,,,,,,
2019-12-19 14:10:17.717782,13.289329,0.565962553024,0.0884603112936,0,0,,,,,,,,,,
2019-12-19 14:10:17.721750,13.293285,0.717880487442,0.0993184745312,0,0,,,,,,,,,,
2019-12-19 14:10:17.725699,13.297351,0.891514718533,0.110176637769,0,0,,,,,,,,,,
2019-12-19 14:10:17.729778,13.30131,1.0,0.13186083734,0,0,,,,,,,,,,
2019-12-19 14:10:17.733898,13.305485,1.0,0.142719000578,0,0,,,,,,,,,,
2019-12-19 14:10:17.741625,13.313164,1.0,0.13186083734,0,0,,,,,,,,,,
2019-12-19 14:10:17.745848,13.317397,1.0,0.142719000578,0,0,,,,,,,,,,
2019-12-19 14:10:17.757580,13.329117,1.0,0.13186083734,0,0,,,,,,,,,,
2019-12-19 14:10:17.765676,13.337221,1.0,0.110176637769,0,0,,,,,,,,,,
2019-12-19 14:10:17.769616,13.341144,1.0,0.0993184745312,0,0,,,,,,,,,,
2019-12-19 14:10:17.773503,13.345031,1.0,0.0884603112936,0,0,,,,,,,,,,
2019-12-19 14:10:17.785616,13.357165,1.0,0.0993184745312,0,0,,,,,,,,,,
2019-12-19 14:10:17.789698,13.361241,1.0,0.0884603112936,0,0,,,,,,,,,,
2019-12-19 14:10:17.801789,13.373325,1.0,0.0993184745312,0,0,,,,,,,,,,
2019-12-19 14:10:17.805633,13.377164,1.0,0.0884603112936,0,0,,,,,,,,,,
2019-12-19 14:10:17.870104,13.441728,1.0,0.0993184745312,0,0,,,,,,,,,,
2019-12-19 14:10:17.873663,13.445206,1.0,0.0884603112936,0,0,,,,,,,,,,
2019-12-19 14:10:17.897678,13.469216,0.97834789753,0.0884603112936,0,0,,,,,,,,,,
2019-12-19 14:10:17.901666,13.473201,0.945773422718,0.0993184745312,0,0,,,,,,,,,,
2019-12-19 14:10:17.905550,13.477081,0.880688667297,0.110176637769,0,0,,,,,,,,,,
2019-12-19 14:10:17.909837,13.481375,0.858972370625,0.13186083734,0,0,,,,,,,,,,
2019-12-19 14:10:17.913631,13.485183,0.815571844578,0.164435341954,0,0,,,,,,,,,,
2019-12-19 14:10:17.918175,13.489708,0.7938554883,0.218694031239,0,0,,,,,,,,,,
2019-12-19 14:10:17.921610,13.493168,0.772139191628,0.294669061899,0,0,,,,,,,,,,
2019-12-19 14:10:17.926174,13.497721,0.761313140392,0.359753787518,0,0,,,,,,,,,,
2019-12-19 14:10:17.929564,13.501093,0.750454962254,0.392328292131,0,0,,,,,,,,,,
2019-12-19 14:10:17.933476,13.505005,0.739596784115,0.511703848839,0,0,,,,,,,,,,
2019-12-19 14:10:17.937553,13.509081,0.739596784115,0.576820731163,0,0,,,,,,,,,,
2019-12-19 14:10:17.941529,13.513067,0.739596784115,0.674479961395,0,0,,,,,,,,,,
2019-12-19 14:10:17.945922,13.517472,0.739596784115,0.761313140392,0,0,,,,,,,,,,
2019-12-19 14:10:17.949682,13.521237,0.728738665581,0.858972370625,0,0,,,,,,,,,,
2019-12-19 14:10:17.953779,13.525319,0.739596784115,0.956631600857,0,0,,,,,,,,,,
2019-12-19 14:10:17.957641,13.529173,0.717880487442,1.0,0,0,,,,,,,,,,
2019-12-19 14:10:17.961614,13.533151,0.674479961395,1.0,0,0,,,,,,,,,,
2019-12-19 14:10:17.965802,13.537348,0.609363079071,1.0,0,0,,,,,,,,,,
2019-12-19 14:10:17.969659,13.541195,0.555104374886,1.0,0,0,,,,,,,,,,
2019-12-19 14:10:17.973549,13.545072,0.544246196747,1.0,0,0,,,,,,,,,,
2019-12-19 14:10:17.981669,13.553221,0.522562026978,1.0,0,0,,,,,,,,,,
2019-12-19 14:10:17.985631,13.557178,0.489987522364,1.0,0,0,,,,,,,,,,
2019-12-19 14:10:17.989672,13.561202,0.435728818178,1.0,0,0,,,,,,,,,,
2019-12-19 14:10:17.993647,13.565193,0.424870669842,1.0,0,0,,,,,,,,,,
2019-12-19 14:10:17.997852,13.569397,0.392328292131,1.0,0,0,,,,,,,,,,
2019-12-19 14:10:18.001598,13.573137,0.32721143961,1.0,0,0,,,,,,,,,,
2019-12-19 14:10:18.005624,13.577155,0.294669061899,1.0,0,0,,,,,,,,,,
2019-12-19 14:10:18.009622,13.581154,0.272952735424,1.0,0,0,,,,,,,,,,
2019-12-19 14:10:18.013835,13.58538,0.24037823081,1.0,0,0,,,,,,,,,,
2019-12-19 14:10:18.017724,13.589267,0.207835868001,1.0,0,0,,,,,,,,,,
2019-12-19 14:10:18.021812,13.593344,0.186119541526,1.0,0,0,,,,,,,,,,
2019-12-19 14:10:18.025574,13.597109,0.153577163815,1.0,0,0,,,,,,,,,,
2019-12-19 14:10:18.029657,13.601191,0.13186083734,1.0,0,0,,,,,,,,,,
2019-12-19 14:10:18.033546,13.60508,0.110176637769,1.0,0,0,,,,,,,,,,
2019-12-19 14:10:18.037742,13.609283,0.0993184745312,1.0,0,0,,,,,,,,,,
2019-12-19 14:10:18.041704,13.613227,0.0884603112936,1.0,0,0,,,,,,,,,,
2019-12-19 14:10:18.045599,13.617138,0.0667439773679,1.0,0,0,,,,,,,,,,
2019-12-19 14:10:18.049758,13.621335,0.0450597777963,1.0,0,0,,,,,,,,,,
2019-12-19 14:10:18.051967,13.623507,0.0450597777963,1.0,1,0,,,,,,,,,,
2019-12-19 14:10:18.058488,13.630036,0.0233434475958,1.0,0,0,,,,,,,,,,
2019-12-19 14:10:18.061660,13.633198,0.0124852824956,1.0,0,0,,,,,,,,,,
2019-12-19 14:10:18.069682,13.641237,0.00165924313478,1.0,0,0,,,,,,,,,,
2019-12-19 14:10:18.077693,13.649245,-0.0,1.0,0,0,,,,,,,,,,
2019-12-19 14:10:18.121746,13.693315,0.00165924313478,1.0,0,0,,,,,,,,,,
2019-12-19 14:10:18.125597,13.697129,-0.0,1.0,0,0,,,,,,,,,,
2019-12-19 14:10:18.141836,13.713374,-0.0,0.91323107481,0,0,,,,,,,,,,
2019-12-19 14:10:18.145661,13.717229,-0.0,0.826397895813,0,0,,,,,,,,,,
2019-12-19 14:10:18.149809,13.721349,0.00165924313478,0.717880487442,0,0,,,,,,,,,,
2019-12-19 14:10:18.154032,13.725587,0.00165924313478,0.576820731163,0,0,,,,,,,,,,
2019-12-19 14:10:18.157825,13.729364,-0.0,0.457445144653,0,0,,,,,,,,,,
2019-12-19 14:10:18.161480,13.733019,-0.0,0.316353261471,0,0,,,,,,,,,,
2019-12-19 14:10:18.165622,13.737149,-0.0,0.0993184745312,0,0,,,,,,,,,,
2019-12-19 14:10:18.169770,13.741319,-0.0,-0.0,0,0,,,,,,,,,,
2019-12-19 14:10:18.181875,13.753415,-0.0,-0.0450276508927,0,0,,,,,,,,,,
2019-12-19 14:10:18.185912,13.757453,-0.0,-0.175261378288,0,0,,,,,,,,,,
2019-12-19 14:10:18.189699,13.761251,-0.0,-0.348895639181,0,0,,,,,,,,,,
2019-12-19 14:10:18.193706,13.765246,-0.0,-0.522529900074,0,0,,,,,,,,,,
2019-12-19 14:10:18.197509,13.769033,-0.0,-0.696164131165,0,0,,,,,,,,,,
2019-12-19 14:10:18.201543,13.77307,-0.0,-0.858940243721,0,0,,,,,,,,,,
2019-12-19 14:10:18.205936,13.777473,-0.0,-1.0,0,0,,,,,,,,,,
2019-12-19 14:10:18.225588,13.797118,-0.0,-1.0,0,0,,,,,,,,,,
2019-12-19 14:10:18.229661,13.801191,-0.0,-1.0,0,0,,,,,,,,,,
2019-12-19 14:10:18.234193,13.805724,-0.0,-1.0,0,0,,,,,,,,,,
2019-12-19 14:10:18.237701,13.809364,-0.0,-0.978315770626,0,0,,,,,,,,,,
2019-12-19 14:10:18.241545,13.81307,0.00165924313478,-1.0,0,0,,,,,,,,,,
2019-12-19 14:10:18.257746,13.829279,0.0124852824956,-1.0,0,0,,,,,,,,,,
2019-12-19 14:10:18.261759,13.833298,0.00165924313478,-1.0,0,0,,,,,,,,,,
2019-12-19 14:10:18.293664,13.865199,-0.0,-1.0,0,0,,,,,,,,,,
2019-12-19 14:10:18.297546,13.86908,-0.0,-1.0,0,0,,,,,,,,,,
2019-12-19 14:10:18.301593,13.873124,-0.0,-1.0,0,0,,,,,,,,,,
2019-12-19 14:10:18.325604,13.897134,-0.0,-0.967457652092,0,0,,,,,,,,,,
2019-12-19 14:10:18.329554,13.901084,-0.0,-0.86979842186,0,0,,,,,,,,,,
2019-12-19 14:10:18.333689,13.905222,-0.0,-0.837223887444,0,0,,,,,,,,,,
2019-12-19 14:10:18.337939,13.909536,-0.0,-0.782965183258,0,0,,,,,,,,,,
2019-12-19 14:10:18.341664,13.913198,-0.0,-0.75042283535,0,0,,,,,,,,,,
2019-12-19 14:10:18.345761,13.917299,-0.0,-0.696164131165,0,0,,,,,,,,,,
2019-12-19 14:10:18.349696,13.921229,-0.0,-0.663589656353,0,0,,,,,,,,,,
2019-12-19 14:10:18.353711,13.92524,-0.0,-0.631047308445,0,0,,,,,,,,,,
2019-12-19 14:10:18.357720,13.929258,-0.0,-0.587646722794,0,0,,,,,,,,,,
2019-12-19 14:10:18.361572,13.933102,-0.0,-0.555072247982,0,0,,,,,,,,,,
2019-12-19 14:10:18.365573,13.937102,-0.0,-0.533355951309,0,0,,,,,,,,,,
2019-12-19 14:10:18.369601,13.941139,-0.0,-0.511671721935,0,0,,,,,,,,,,
2019-12-19 14:10:18.373464,13.944986,-0.0,-0.468271195889,0,0,,,,,,,,,,
2019-12-19 14:10:18.377719,13.949261,-0.0,-0.424838542938,0,0,,,,,,,,,,
2019-12-19 14:10:18.381750,13.95329,-0.0,-0.414012491703,0,0,,,,,,,,,,
2019-12-19 14:10:18.385798,13.957358,-0.0,-0.359721660614,0,0,,,,,,,,,,
2019-12-19 14:10:18.389618,13.961166,-0.0,-0.294636934996,0,0,,,,,,,,,,
2019-12-19 14:10:18.393710,13.965249,-0.0,-0.262062430382,0,0,,,,,,,,,,
2019-12-19 14:10:18.398022,13.969566,-0.0,-0.175261378288,0,0,,,,,,,,,,
2019-12-19 14:10:18.401776,13.973307,-0.0,-0.0992863476276,0,0,,,,,,,,,,
2019-12-19 14:10:18.405561,13.977089,-0.0,-0.00162711844314,0,0,,,,,,,,,,
2019-12-19 14:10:18.409638,13.981183,-0.0,-0.0,0,0,,,,,,,,,,
2019-12-19 14:10:18.425655,13.997193,-0.0,-0.0,0,0,,,,,,,,,,
2019-12-19 14:10:18.429718,14.001263,-0.0775700211525,0.0667439773679,0,0,,,,,,,,,,
2019-12-19 14:10:18.433640,14.00518,-0.240346118808,0.207835868001,0,0,,,,,,,,,,
2019-12-19 14:10:18.437726,14.009263,-0.446554869413,0.370611965656,0,0,,,,,,,,,,
2019-12-19 14:10:18.441632,14.013157,-0.728706538677,0.609363079071,0,0,,,,,,,,,,
2019-12-19 14:10:18.445932,14.017473,-0.913198947906,0.7938554883,0,0,,,,,,,,,,
2019-12-19 14:10:18.450015,14.021562,-0.86979842186,0.837256014347,0,0,,,,,,,,,,
2019-12-19 14:10:18.453761,14.025293,-0.772107064724,0.924089252949,0,0,,,,,,,,,,
2019-12-19 14:10:18.457789,14.029327,-0.75042283535,0.967489778996,0,0,,,,,,,,,,
2019-12-19 14:10:18.462032,14.033583,-0.75042283535,0.989206075668,0,0,,,,,,,,,,
2019-12-19 14:10:18.465580,14.037108,-0.728706538677,1.0,0,0,,,,,,,,,,
2019-12-19 14:10:18.469623,14.041159,-0.739564657211,1.0,0,0,,,,,,,,,,
2019-12-19 14:10:18.473572,14.045098,-0.728706538677,1.0,0,0,,,,,,,,,,
2019-12-19 14:10:18.481700,14.053242,-0.739564657211,1.0,0,0,,,,,,,,,,
2019-12-19 14:10:18.485716,14.057255,-0.728706538677,1.0,0,0,,,,,,,,,,
2019-12-19 14:10:18.517708,14.089252,-0.739564657211,0.989206075668,0,0,,,,,,,,,,
2019-12-19 14:10:18.521596,14.093135,-0.739564657211,1.0,0,0,,,,,,,,,,
2019-12-19 14:10:18.533697,14.10523,-0.728706538677,0.989206075668,0,0,,,,,,,,,,
2019-12-19 14:10:18.541612,14.113145,-0.728706538677,1.0,0,0,,,,,,,,,,
2019-12-19 14:10:18.550277,14.121829,-0.739564657211,1.0,0,0,,,,,,,,,,
2019-12-19 14:10:18.551059,14.122597,-0.739564657211,1.0,1,0,,,,,,,,,,
2019-12-19 14:10:18.553862,14.125441,-0.728706538677,1.0,0,0,,,,,,,,,,
2019-12-19 14:10:18.561585,14.133129,-0.728706538677,0.989206075668,0,0,,,,,,,,,,
2019-12-19 14:10:18.565564,14.137093,-0.728706538677,1.0,0,0,,,,,,,,,,
2019-12-19 14:10:18.569736,14.141284,-0.728706538677,0.989206075668,0,0,,,,,,,,,,
2019-12-19 14:10:18.585776,14.157314,-0.728706538677,1.0,0,0,,,,,,,,,,
2019-12-19 14:10:18.589954,14.161497,-0.728706538677,0.989206075668,0,0,,,,,,,,,,
2019-12-19 14:10:18.593789,14.165327,-0.728706538677,1.0,0,0,,,,,,,,,,
2019-12-19 14:10:18.597587,14.16912,-0.728706538677,0.989206075668,0,0,,,,,,,,,,
2019-12-19 14:10:18.601549,14.173075,-0.728706538677,0.97834789753,0,0,,,,,,,,,,
2019-12-19 14:10:18.605567,14.177109,-0.728706538677,0.967489778996,0,0,,,,,,,,,,
2019-12-19 14:10:18.609743,14.181301,-0.728706538677,0.945773422718,0,0,,,,,,,,,,
2019-12-19 14:10:18.619657,14.1912,-0.739564657211,0.934947371483,0,0,,,,,,,,,,
2019-12-19 14:10:18.621585,14.193113,-0.739564657211,0.91323107481,0,0,,,,,,,,,,
2019-12-19 14:10:18.625533,14.197061,-0.728706538677,0.91323107481,0,0,,,,,,,,,,
2019-12-19 14:10:18.629893,14.201439,-0.728706538677,0.902372896671,0,0,,,,,,,,,,
2019-12-19 14:10:18.633782,14.205376,-0.728706538677,0.891514718533,0,0,,,,,,,,,,
2019-12-19 14:10:18.637614,14.209152,-0.728706538677,0.869830548763,0,0,,,,,,,,,,
2019-12-19 14:10:18.641610,14.213141,-0.728706538677,0.858972370625,0,0,,,,,,,,,,
2019-12-19 14:10:18.645959,14.217506,-0.728706538677,0.837256014347,0,0,,,,,,,,,,
2019-12-19 14:10:18.653641,14.225178,-0.728706538677,0.815571844578,0,0,,,,,,,,,,
2019-12-19 14:10:18.657730,14.229267,-0.717848360538,0.815571844578,0,0,,,,,,,,,,
2019-12-19 14:10:18.662103,14.233689,-0.685305953026,0.804713666439,0,0,,,,,,,,,,
2019-12-19 14:10:18.665621,14.237163,-0.663589656353,0.7938554883,0,0,,,,,,,,,,
2019-12-19 14:10:18.669861,14.241406,-0.620189130306,0.7938554883,0,0,,,,,,,,,,
2019-12-19 14:10:18.673637,14.245163,-0.565930426121,0.782997310162,0,0,,,,,,,,,,
2019-12-19 14:10:18.677566,14.249117,-0.446554869413,0.782997310162,0,0,,,,,,,,,,
2019-12-19 14:10:18.681638,14.253195,-0.381437987089,0.782997310162,0,0,,,,,,,,,,
2019-12-19 14:10:18.685655,14.25722,-0.251204282045,0.782997310162,0,0,,,,,,,,,,
2019-12-19 14:10:18.689791,14.261333,-0.142686888576,0.782997310162,0,0,,,,,,,,,,
2019-12-19 14:10:18.694045,14.265583,-0.00162711844314,0.782997310162,0,0,,,,,,,,,,
2019-12-19 14:10:18.697579,14.269104,-0.0,0.782997310162,0,0,,,,,,,,,,
2019-12-19 14:10:18.709700,14.281246,0.0993184745312,0.782997310162,0,0,,,,,,,,,,
2019-12-19 14:10:18.713780,14.285322,0.251236408949,0.7938554883,0,0,,,,,,,,,,
2019-12-19 14:10:18.717717,14.289254,0.381470113993,0.7938554883,0,0,,,,,,,,,,
2019-12-19 14:10:18.722442,14.294001,0.544246196747,0.804713666439,0,0,,,,,,,,,,
2019-12-19 14:10:18.725648,14.297203,0.685338079929,0.804713666439,0,0,,,,,,,,,,
2019-12-19 14:10:18.729963,14.301502,0.837256014347,0.804713666439,0,0,,,,,,,,,,
2019-12-19 14:10:18.734325,14.306002,0.91323107481,0.7938554883,0,0,,,,,,,,,,
2019-12-19 14:10:18.737644,14.309189,0.956631600857,0.750454962254,0,0,,,,,,,,,,
2019-12-19 14:10:18.741623,14.313161,0.967489778996,0.728738665581,0,0,,,,,,,,,,
2019-12-19 14:10:18.746129,14.31768,0.97834789753,0.685338079929,0,0,,,,,,,,,,
2019-12-19 14:10:18.749488,14.321027,1.0,0.641937553883,0,0,,,,,,,,,,
2019-12-19 14:10:18.753721,14.325256,1.0,0.576820731163,0,0,,,,,,,,,,
2019-12-19 14:10:18.757408,14.328953,1.0,0.555104374886,0,0,,,,,,,,,,
2019-12-19 14:10:18.761586,14.333152,1.0,0.479129344225,0,0,,,,,,,,,,
2019-12-19 14:10:18.765658,14.337182,1.0,0.381470113993,0,0,,,,,,,,,,
2019-12-19 14:10:18.769491,14.341016,1.0,0.359753787518,0,0,,,,,,,,,,
2019-12-19 14:10:18.773358,14.344869,1.0,0.316353261471,0,0,,,,,,,,,,
2019-12-19 14:10:18.777562,14.349107,1.0,0.28381088376,0,0,,,,,,,,,,
2019-12-19 14:10:18.781492,14.353019,1.0,0.294669061899,0,0,,,,,,,,,,
2019-12-19 14:10:18.789531,14.361053,1.0,0.28381088376,0,0,,,,,,,,,,
2019-12-19 14:10:18.793375,14.364919,1.0,0.294669061899,0,0,,,,,,,,,,
2019-12-19 14:10:18.801617,14.373145,1.0,0.28381088376,0,0,,,,,,,,,,
2019-12-19 14:10:18.805468,14.376989,1.0,0.294669061899,0,0,,,,,,,,,,
2019-12-19 14:10:18.813505,14.385029,1.0,0.28381088376,0,0,,,,,,,,,,
2019-12-19 14:10:18.817656,14.389204,1.0,0.294669061899,0,0,,,,,,,,,,
2019-12-19 14:10:18.829452,14.40098,1.0,0.28381088376,0,0,,,,,,,,,,
2019-12-19 14:10:18.837518,14.409043,1.0,0.294669061899,0,0,,,,,,,,,,
2019-12-19 14:10:18.841483,14.412994,1.0,0.28381088376,0,0,,,,,,,,,,
2019-12-19 14:10:18.853542,14.425077,1.0,0.294669061899,0,0,,,,,,,,,,
2019-12-19 14:10:18.857392,14.428938,1.0,0.28381088376,0,0,,,,,,,,,,
2019-12-19 14:10:18.861763,14.433301,1.0,0.294669061899,0,0,,,,,,,,,,
2019-12-19 14:10:18.865529,14.437059,1.0,0.28381088376,0,0,,,,,,,,,,
2019-12-19 14:10:18.877568,14.4491,1.0,0.272952735424,0,0,,,,,,,,,,
2019-12-19 14:10:18.889532,14.461051,0.97834789753,0.272952735424,0,0,,,,,,,,,,
2019-12-19 14:10:18.893468,14.46501,0.97834789753,0.262094557285,0,0,,,,,,,,,,
2019-12-19 14:10:18.897373,14.468896,0.967489778996,0.262094557285,0,0,,,,,,,,,,
2019-12-19 14:10:18.905439,14.476958,0.967489778996,0.251236408949,0,0,,,,,,,,,,
2019-12-19 14:10:18.909523,14.481049,0.956631600857,0.262094557285,0,0,,,,,,,,,,
2019-12-19 14:10:18.913526,14.485053,0.924089252949,0.262094557285,0,0,,,,,,,,,,
2019-12-19 14:10:18.917610,14.489169,0.880688667297,0.262094557285,0,0,,,,,,,,,,
2019-12-19 14:10:18.921578,14.493099,0.782997310162,0.262094557285,0,0,,,,,,,,,,
2019-12-19 14:10:18.925405,14.496938,0.685338079929,0.272952735424,0,0,,,,,,,,,,
2019-12-19 14:10:18.929407,14.500964,0.544246196747,0.28381088376,0,0,,,,,,,,,,
2019-12-19 14:10:18.933477,14.504998,0.359753787518,0.28381088376,0,0,,,,,,,,,,
2019-12-19 14:10:18.937757,14.509286,0.175293505192,0.28381088376,0,0,,,,,,,,,,
2019-12-19 14:10:18.941600,14.513157,-0.0,0.262094557285,0,0,,,,,,,,,,
2019-12-19 14:10:18.945618,14.517147,-0.0,0.218694031239,0,0,,,,,,,,,,
2019-12-19 14:10:18.949582,14.521111,-0.0,0.186119541526,0,0,,,,,,,,,,
2019-12-19 14:10:18.953542,14.525069,-0.0,0.142719000578,0,0,,,,,,,,,,
2019-12-19 14:10:18.957514,14.529033,-0.0,0.0993184745312,0,0,,,,,,,,,,
2019-12-19 14:10:18.961496,14.533026,-0.0124531583861,0.0993184745312,0,0,,,,,,,,,,
2019-12-19 14:10:18.965648,14.537185,-0.0667118579149,0.0993184745312,0,0,,,,,,,,,,
2019-12-19 14:10:18.969550,14.54107,-0.110144510865,0.0884603112936,0,0,,,,,,,,,,
2019-12-19 14:10:18.973333,14.544846,-0.175261378288,0.0884603112936,0,0,,,,,,,,,,
2019-12-19 14:10:18.977518,14.549054,-0.240346118808,0.0884603112936,0,0,,,,,,,,,,
2019-12-19 14:10:18.981525,14.553049,-0.316321134567,0.0884603112936,0,0,,,,,,,,,,
2019-12-19 14:10:18.985537,14.557067,-0.392296165228,0.0884603112936,0,0,,,,,,,,,,
2019-12-19 14:10:18.989550,14.561079,-0.468271195889,0.0884603112936,0,0,,,,,,,,,,
2019-12-19 14:10:18.993474,14.56501,-0.576788604259,0.0884603112936,0,0,,,,,,,,,,
2019-12-19 14:10:18.997476,14.569003,-0.652731478214,0.0884603112936,0,0,,,,,,,,,,
2019-12-19 14:10:19.001630,14.573153,-0.739564657211,0.0884603112936,0,0,,,,,,,,,,
2019-12-19 14:10:19.005457,14.576982,-0.782965183258,0.0993184745312,0,0,,,,,,,,,,
2019-12-19 14:10:19.009577,14.581099,-0.891482591629,0.0993184745312,0,0,,,,,,,,,,
2019-12-19 14:10:19.013636,14.585169,-0.945741295815,0.0993184745312,0,0,,,,,,,,,,
2019-12-19 14:10:19.017515,14.58904,-0.978315770626,0.121034801006,0,0,,,,,,,,,,
2019-12-19 14:10:19.021696,14.593221,-1.0,0.121034801006,0,0,,,,,,,,,,
2019-12-19 14:10:19.025537,14.597058,-0.989173948765,0.142719000578,0,0,,,,,,,,,,
2019-12-19 14:10:19.029378,14.600921,-1.0,0.142719000578,0,0,,,,,,,,,,
2019-12-19 14:10:19.033493,14.605018,-1.0,0.153577163815,0,0,,,,,,,,,,
2019-12-19 14:10:19.041486,14.613007,-1.0,0.164435341954,0,0,,,,,,,,,,
2019-12-19 14:10:19.050455,14.622,-1.0,0.164435341954,1,0,,,,,,,,,,
2019-12-19 14:10:19.061552,14.63308,-0.989173948765,0.175293505192,0,0,,,,,,,,,,
2019-12-19 14:10:19.065405,14.636964,-0.978315770626,0.186119541526,0,0,,,,,,,,,,
2019-12-19 14:10:19.069678,14.641238,-0.945741295815,0.186119541526,0,0,,,,,,,,,,
2019-12-19 14:10:19.073608,14.645136,-0.902340769768,0.186119541526,0,0,,,,,,,,,,
2019-12-19 14:10:19.077602,14.649136,-0.793823361397,0.186119541526,0,0,,,,,,,,,,
2019-12-19 14:10:19.081486,14.65301,-0.75042283535,0.196977704763,0,0,,,,,,,,,,
2019-12-19 14:10:19.085870,14.657396,-0.641905426979,0.196977704763,0,0,,,,,,,,,,
2019-12-19 14:10:19.089386,14.660921,-0.533355951309,0.186119541526,0,0,,,,,,,,,,
2019-12-19 14:10:19.093529,14.665059,-0.403154343367,0.175293505192,0,0,,,,,,,,,,
2019-12-19 14:10:19.097719,14.669325,-0.262062430382,0.13186083734,0,0,,,,,,,,,,
2019-12-19 14:10:19.101355,14.672868,-0.131828710437,0.0884603112936,0,0,,,,,,,,,,
2019-12-19 14:10:19.105343,14.676857,-0.0,-0.0,0,0,,,,,,,,,,
2019-12-19 14:10:19.550369,15.121904,-0.0,-0.0,1,0,,,,,,,,,,
2019-12-19 14:10:20.053984,15.625608,-0.0,-0.0,1,0,,,,,,,,,,
2019-12-19 14:10:20.550068,16.121574,-0.0,-0.0,1,0,,,,,,,,,,
2019-12-19 14:10:21.049978,16.621482,-0.0,-0.0,1,0,,,,,,,,,,
2019-12-19 14:10:21.549788,17.121294,-0.0,-0.0,1,0,,,,,,,,,,
2019-12-19 14:10:22.049789,17.621314,-0.0,-0.0,1,0,,,,,,,,,,
2019-12-19 14:10:22.549796,18.121304,-0.0,-0.0,1,0,,,,,,,,,,
2019-12-19 14:10:23.049577,18.621084,-0.0,-0.0,1,0,,,,,,,,,,
2019-12-19 14:10:23.550142,19.121659,-0.0,-0.0,1,0,,,,,,,,,,
2019-12-19 14:10:24.049848,19.621355,-0.0,-0.0,1,0,,,,,,,,,,
2019-12-19 14:10:24.550100,20.121618,-0.0,-0.0,1,0,,,,,,,,,,
2019-12-19 14:10:25.049834,20.621342,-0.0,-0.0,1,0,,,,,,,,,,
2019-12-19 14:10:25.550863,21.122424,-0.0,-0.0,1,0,,,,,,,,,,
2019-12-19 14:10:26.049969,21.621489,-0.0,-0.0,1,0,,,,,,,,,,
2019-12-19 14:10:26.550722,22.122257,-0.0,-0.0,1,0,,,,,,,,,,
2019-12-19 14:10:27.050431,22.621989,-0.0,-0.0,1,0,,,,,,,,,,
2019-12-19 14:10:27.551859,23.123392,-0.0,-0.0,1,0,,,,,,,,,,
2019-12-19 14:10:28.050349,23.621864,-0.0,-0.0,1,0,,,,,,,,,,
2019-12-19 14:10:28.551065,24.122591,-0.0,-0.0,1,0,,,,,,,,,,
2019-12-19 14:10:29.050111,24.621631,-0.0,-0.0,1,0,,,,,,,,,,
2019-12-19 14:10:29.549602,25.121116,-0.0,-0.0,1,0,,,,,,,,,,
2019-12-19 14:10:30.049582,25.621101,-0.0,-0.0,1,0,,,,,,,,,,
2019-12-19 14:10:30.550018,26.121521,-0.0,-0.0,1,0,,,,,,,,,,
2019-12-19 14:10:31.049948,26.621456,-0.0,-0.0,1,0,,,,,,,,,,
2019-12-19 14:10:31.549888,27.121401,-0.0,-0.0,1,0,,,,,,,,,,
2019-12-19 14:10:32.049971,27.621478,-0.0,-0.0,1,0,,,,,,,,,,
2019-12-19 14:10:32.549754,28.121271,-0.0,-0.0,1,0,,,,,,,,,,
2019-12-19 14:10:33.049813,28.621328,-0.0,-0.0,1,0,,,,,,,,,,
2019-12-19 14:10:33.550293,29.121798,-0.0,-0.0,1,0,,,,,,,,,,
2019-12-19 14:10:34.049653,29.621158,-0.0,-0.0,1,0,,,,,,,,,,
2019-12-19 14:10:34.549855,30.121366,-0.0,-0.0,1,0,,,,,,,,,,
2019-12-19 14:10:35.049684,30.621192,-0.0,-0.0,1,0,,,,,,,,,,
2019-12-19 14:10:35.549596,31.12113,-0.0,-0.0,1,0,,,,,,,,,,
2019-12-19 14:10:36.049820,31.62133,-0.0,-0.0,1,0,,,,,,,,,,
2019-12-19 14:10:36.551004,32.122568,-0.0,-0.0,1,0,,,,,,,,,,
2019-12-19 14:10:37.049554,32.621059,-0.0,-0.0,1,0,,,,,,,,,,
2019-12-19 14:10:37.549559,33.12107,-0.0,-0.0,1,0,,,,,,,,,,
2019-12-19 14:10:38.049663,33.621197,-0.0,-0.0,1,0,,,,,,,,,,
2019-12-19 14:10:38.549801,34.121314,-0.0,-0.0,1,0,,,,,,,,,,
2019-12-19 14:10:39.050571,34.622098,-0.0,-0.0,1,0,,,,,,,,,,
2019-12-19 14:10:39.550152,35.121677,-0.0,-0.0,1,0,,,,,,,,,,
2019-12-19 14:10:40.050563,35.62208,-0.0,-0.0,1,0,,,,,,,,,,
2019-12-19 14:10:40.550420,36.121943,-0.0,-0.0,1,0,,,,,,,,,,
2019-12-19 14:10:41.050447,36.621966,-0.0,-0.0,1,0,,,,,,,,,,
2019-12-19 14:10:41.549769,37.121284,-0.0,-0.0,1,0,,,,,,,,,,
2019-12-19 14:10:42.050584,37.62219,-0.0,-0.0,1,0,,,,,,,,,,
2019-12-19 14:10:42.551256,38.122803,-0.0,-0.0,1,0,,,,,,,,,,
2019-12-19 14:10:43.050833,38.622378,-0.0,-0.0,1,0,,,,,,,,,,
2019-12-19 14:10:43.549997,39.121537,-0.0,-0.0,1,0,,,,,,,,,,
2019-12-19 14:10:44.051242,39.622795,-0.0,-0.0,1,0,,,,,,,,,,
2019-12-19 14:10:44.551799,40.123359,-0.0,-0.0,1,0,,,,,,,,,,
2019-12-19 14:10:45.050500,40.622034,-0.0,-0.0,1,0,,,,,,,,,,
2019-12-19 14:10:45.549974,41.121515,-0.0,-0.0,1,0,,,,,,,,,,
2019-12-19 14:10:46.050591,41.622115,-0.0,-0.0,1,0,,,,,,,,,,
2019-12-19 14:10:46.550445,42.121971,-0.0,-0.0,1,0,,,,,,,,,,
2019-12-19 14:10:47.050042,42.621564,-0.0,-0.0,1,0,,,,,,,,,,
2019-12-19 14:10:47.550388,43.121913,-0.0,-0.0,1,0,,,,,,,,,,
2019-12-19 14:10:48.049713,43.621247,-0.0,-0.0,1,0,,,,,,,,,,
2019-12-19 14:10:48.550554,44.122088,-0.0,-0.0,1,0,,,,,,,,,,
2019-12-19 14:10:49.050056,44.621582,-0.0,-0.0,1,0,,,,,,,,,,
2019-12-19 14:10:49.550602,45.12213,-0.0,-0.0,1,0,,,,,,,,,,
2019-12-19 14:10:50.051020,45.622561,-0.0,-0.0,1,0,,,,,,,,,,
2019-12-19 14:10:50.550843,46.122382,-0.0,-0.0,1,0,,,,,,,,,,
2019-12-19 14:10:51.051214,46.622754,-0.0,-0.0,1,0,,,,,,,,,,
2019-12-19 14:10:51.551639,47.123165,-0.0,-0.0,1,0,,,,,,,,,,
2019-12-19 14:10:52.050868,47.622445,-0.0,-0.0,1,0,,,,,,,,,,
2019-12-19 14:10:52.551026,48.122567,-0.0,-0.0,1,0,,,,,,,,,,
2019-12-19 14:10:53.051495,48.623059,-0.0,-0.0,1,0,,,,,,,,,,
2019-12-19 14:10:53.550397,49.121928,-0.0,-0.0,1,0,,,,,,,,,,
2019-12-19 14:10:54.051241,49.622777,-0.0,-0.0,1,0,,,,,,,,,,
2019-12-19 14:10:54.550100,50.121624,-0.0,-0.0,1,0,,,,,,,,,,
2019-12-19 14:10:55.050354,50.621882,-0.0,-0.0,1,0,,,,,,,,,,
2019-12-19 14:10:55.549771,51.121275,-0.0,-0.0,1,0,,,,,,,,,,
2019-12-19 14:10:56.049980,51.621487,-0.0,-0.0,1,0,,,,,,,,,,
2019-12-19 14:10:56.549767,52.121279,-0.0,-0.0,1,0,,,,,,,,,,
2019-12-19 14:10:57.049580,52.621087,-0.0,-0.0,1,0,,,,,,,,,,
2019-12-19 14:10:57.549447,53.120951,-0.0,-0.0,1,0,,,,,,,,,,
2019-12-19 14:10:58.049666,53.621181,-0.0,-0.0,1,0,,,,,,,,,,
2019-12-19 14:10:58.550126,54.121662,-0.0,-0.0,1,0,,,,,,,,,,
2019-12-19 14:10:59.050150,54.62166,-0.0,-0.0,1,0,,,,,,,,,,
2019-12-19 14:10:59.549962,55.121472,-0.0,-0.0,1,0,,,,,,,,,,
2019-12-19 14:11:00.049818,55.621327,-0.0,-0.0,1,0,,,,,,,,,,
2019-12-19 14:11:00.550310,56.121856,-0.0,-0.0,1,0,,,,,,,,,,
2019-12-19 14:11:01.049831,56.621355,-0.0,-0.0,1,0,,,,,,,,,,
2019-12-19 14:11:01.550588,57.12211,-0.0,-0.0,1,0,,,,,,,,,,
2019-12-19 14:11:02.050142,57.621667,-0.0,-0.0,1,0,,,,,,,,,,
2019-12-19 14:11:02.550720,58.122247,-0.0,-0.0,1,0,,,,,,,,,,
2019-12-19 14:11:03.050099,58.621617,-0.0,-0.0,1,0,,,,,,,,,,
2019-12-19 14:11:03.550833,59.122358,-0.0,-0.0,1,0,,,,,,,,,,
2019-12-19 14:11:04.050142,59.621706,-0.0,-0.0,1,0,,,,,,,,,,
2019-12-19 14:11:04.552190,60.123765,-0.0,-0.0,1,0,,,,,,,,,,
2019-12-19 14:11:05.050157,60.621677,-0.0,-0.0,1,0,,,,,,,,,,
2019-12-19 14:11:05.550922,61.122468,-0.0,-0.0,1,0,,,,,,,,,,
2019-12-19 14:11:06.050198,61.62173,-0.0,-0.0,1,0,,,,,,,,,,
2019-12-19 14:11:06.550016,62.121555,-0.0,-0.0,1,0,,,,,,,,,,
2019-12-19 14:11:07.050895,62.622462,-0.0,-0.0,1,0,,,,,,,,,,
2019-12-19 14:11:07.550964,63.122501,-0.0,-0.0,1,0,,,,,,,,,,
2019-12-19 14:11:08.052320,63.623944,-0.0,-0.0,1,0,,,,,,,,,,
2019-12-19 14:11:08.550476,64.122015,-0.0,-0.0,1,0,,,,,,,,,,
2019-12-19 14:11:09.050882,64.622413,-0.0,-0.0,1,0,,,,,,,,,,
2019-12-19 14:11:09.549617,65.121131,-0.0,-0.0,1,0,,,,,,,,,,
2019-12-19 14:11:10.049920,65.621441,-0.0,-0.0,1,0,,,,,,,,,,
2019-12-19 14:11:10.549729,66.121238,-0.0,-0.0,1,0,,,,,,,,,,
2019-12-19 14:11:11.050018,66.621525,-0.0,-0.0,1,0,,,,,,,,,,
2019-12-19 14:11:11.549987,67.121494,-0.0,-0.0,1,0,,,,,,,,,,
2019-12-19 14:11:12.049945,67.621451,-0.0,-0.0,1,0,,,,,,,,,,
2019-12-19 14:11:12.549915,68.121431,-0.0,-0.0,1,0,,,,,,,,,,
2019-12-19 14:11:13.050129,68.621646,-0.0,-0.0,1,0,,,,,,,,,,
2019-12-19 14:11:13.550496,69.122027,-0.0,-0.0,1,0,,,,,,,,,,
2019-12-19 14:11:14.050172,69.621722,-0.0,-0.0,1,0,,,,,,,,,,
2019-12-19 14:11:14.551525,70.12305,-0.0,-0.0,1,0,,,,,,,,,,
2019-12-19 14:11:15.050395,70.621924,-0.0,-0.0,1,0,,,,,,,,,,
2019-12-19 14:11:15.550358,71.12188,-0.0,-0.0,1,0,,,,,,,,,,
2019-12-19 14:11:16.050520,71.62205,-0.0,-0.0,1,0,,,,,,,,,,
2019-12-19 14:11:16.550259,72.121783,-0.0,-0.0,1,0,,,,,,,,,,
2019-12-19 14:11:17.051082,72.622602,-0.0,-0.0,1,0,,,,,,,,,,
2019-12-19 14:11:17.550802,73.122327,-0.0,-0.0,1,0,,,,,,,,,,
2019-12-19 14:11:18.050011,73.621544,-0.0,-0.0,1,0,,,,,,,,,,
2019-12-19 14:11:18.550192,74.121719,-0.0,-0.0,1,0,,,,,,,,,,
2019-12-19 14:11:19.050536,74.622065,-0.0,-0.0,1,0,,,,,,,,,,
2019-12-19 14:11:19.549850,75.12137,-0.0,-0.0,1,0,,,,,,,,,,
2019-12-19 14:11:20.050208,75.62173,-0.0,-0.0,1,0,,,,,,,,,,
2019-12-19 14:11:20.551926,76.123453,-0.0,-0.0,1,0,,,,,,,,,,
2019-12-19 14:11:21.051829,76.623389,-0.0,-0.0,1,0,,,,,,,,,,
2019-12-19 14:11:21.551386,77.122917,-0.0,-0.0,1,0,,,,,,,,,,
2019-12-19 14:11:22.051090,77.622632,-0.0,-0.0,1,0,,,,,,,,,,
2019-12-19 14:11:22.550502,78.122045,-0.0,-0.0,1,0,,,,,,,,,,
2019-12-19 14:11:23.050226,78.621776,-0.0,-0.0,1,0,,,,,,,,,,
2019-12-19 14:11:23.552165,79.1237,-0.0,-0.0,1,0,,,,,,,,,,
2019-12-19 14:11:24.050701,79.622239,-0.0,-0.0,1,0,,,,,,,,,,
2019-12-19 14:11:24.550740,80.122302,-0.0,-0.0,1,0,,,,,,,,,,
2019-12-19 14:11:25.050141,80.621681,-0.0,-0.0,1,0,,,,,,,,,,
2019-12-19 14:11:25.550767,81.122288,-0.0,-0.0,1,0,,,,,,,,,,
2019-12-19 14:11:26.050259,81.621838,-0.0,-0.0,1,0,,,,,,,,,,
2019-12-19 14:11:26.550971,82.122488,-0.0,-0.0,1,0,,,,,,,,,,
2019-12-19 14:11:27.050105,82.621611,-0.0,-0.0,1,0,,,,,,,,,,
2019-12-19 14:11:27.549959,83.121468,-0.0,-0.0,1,0,,,,,,,,,,
2019-12-19 14:11:28.049986,83.621496,-0.0,-0.0,1,0,,,,,,,,,,
2019-12-19 14:11:28.549920,84.121429,-0.0,-0.0,1,0,,,,,,,,,,
2019-12-19 14:11:29.049737,84.621246,-0.0,-0.0,1,0,,,,,,,,,,
2019-12-19 14:11:29.549947,85.121465,-0.0,-0.0,1,0,,,,,,,,,,
2019-12-19 14:11:30.049886,85.621391,-0.0,-0.0,1,0,,,,,,,,,,
2019-12-19 14:11:30.549650,86.121154,-0.0,-0.0,1,0,,,,,,,,,,
2019-12-19 14:11:31.049579,86.621082,-0.0,-0.0,1,0,,,,,,,,,,
2019-12-19 14:11:31.549713,87.121218,-0.0,-0.0,1,0,,,,,,,,,,
2019-12-19 14:11:32.049574,87.62108,-0.0,-0.0,1,0,,,,,,,,,,
2019-12-19 14:11:32.552324,88.123879,-0.0,-0.0,1,0,,,,,,,,,,
2019-12-19 14:11:33.050980,88.622518,-0.0,-0.0,1,0,,,,,,,,,,
2019-12-19 14:11:33.550915,89.122455,-0.0,-0.0,1,0,,,,,,,,,,
2019-12-19 14:11:34.051408,89.622968,-0.0,-0.0,1,0,,,,,,,,,,
2019-12-19 14:11:34.550735,90.122282,-0.0,-0.0,1,0,,,,,,,,,,
2019-12-19 14:11:35.051730,90.623274,-0.0,-0.0,1,0,,,,,,,,,,
2019-12-19 14:11:35.550456,91.122005,-0.0,-0.0,1,0,,,,,,,,,,
2019-12-19 14:11:36.051173,91.622706,-0.0,-0.0,1,0,,,,,,,,,,
2019-12-19 14:11:36.551161,92.122701,-0.0,-0.0,1,0,,,,,,,,,,
2019-12-19 14:11:37.050602,92.622144,-0.0,-0.0,1,0,,,,,,,,,,
2019-12-19 14:11:37.550741,93.122337,-0.0,-0.0,1,0,,,,,,,,,,
2019-12-19 14:11:38.051758,93.623304,-0.0,-0.0,1,0,,,,,,,,,,
2019-12-19 14:11:38.550624,94.12223,-0.0,-0.0,1,0,,,,,,,,,,
2019-12-19 14:11:39.051580,94.623113,-0.0,-0.0,1,0,,,,,,,,,,
2019-12-19 14:11:39.551796,95.123335,-0.0,-0.0,1,0,,,,,,,,,,
2019-12-19 14:11:40.050581,95.622087,-0.0,-0.0,1,0,,,,,,,,,,
2019-12-19 14:11:40.549821,96.121333,-0.0,-0.0,1,0,,,,,,,,,,
2019-12-19 14:11:41.049935,96.62145,-0.0,-0.0,1,0,,,,,,,,,,
2019-12-19 14:11:41.550625,97.12216,-0.0,-0.0,1,0,,,,,,,,,,
2019-12-19 14:11:42.049949,97.621466,-0.0,-0.0,1,0,,,,,,,,,,
2019-12-19 14:11:42.550879,98.122403,-0.0,-0.0,1,0,,,,,,,,,,
2019-12-19 14:11:43.049715,98.621244,-0.0,-0.0,1,0,,,,,,,,,,
2019-12-19 14:11:43.550229,99.121748,-0.0,-0.0,1,0,,,,,,,,,,
2019-12-19 14:11:44.049965,99.621471,-0.0,-0.0,1,0,,,,,,,,,,
2019-12-19 14:11:44.550137,100.121662,-0.0,-0.0,1,0,,,,,,,,,,
2019-12-19 14:11:45.050050,100.621575,-0.0,-0.0,1,0,,,,,,,,,,
2019-12-19 14:11:45.550318,101.121836,-0.0,-0.0,1,0,,,,,,,,,,
2019-12-19 14:11:46.049949,101.621476,-0.0,-0.0,1,0,,,,,,,,,,
2019-12-19 14:11:46.551148,102.122713,-0.0,-0.0,1,0,,,,,,,,,,
2019-12-19 14:11:47.050102,102.621615,-0.0,-0.0,1,0,,,,,,,,,,
2019-12-19 14:11:47.549707,103.121222,-0.0,-0.0,1,0,,,,,,,,,,
2019-12-19 14:11:48.050075,103.621597,-0.0,-0.0,1,0,,,,,,,,,,
2019-12-19 14:11:48.550572,104.1221,-0.0,-0.0,1,0,,,,,,,,,,
2019-12-19 14:11:49.050209,104.621759,-0.0,-0.0,1,0,,,,,,,,,,
2019-12-19 14:11:49.550226,105.121749,-0.0,-0.0,1,0,,,,,,,,,,
2019-12-19 14:11:50.049866,105.621378,-0.0,-0.0,1,0,,,,,,,,,,
2019-12-19 14:11:50.549675,106.121178,-0.0,-0.0,1,0,,,,,,,,,,
2019-12-19 14:11:51.049844,106.621352,-0.0,-0.0,1,0,,,,,,,,,,
2019-12-19 14:11:51.549824,107.121326,-0.0,-0.0,1,0,,,,,,,,,,
2019-12-19 14:11:52.049800,107.621307,-0.0,-0.0,1,0,,,,,,,,,,
2019-12-19 14:11:52.549705,108.121217,-0.0,-0.0,1,0,,,,,,,,,,
2019-12-19 14:11:53.049687,108.621197,-0.0,-0.0,1,0,,,,,,,,,,
2019-12-19 14:11:53.549675,109.121188,-0.0,-0.0,1,0,,,,,,,,,,
2019-12-19 14:11:54.050219,109.621747,-0.0,-0.0,1,0,,,,,,,,,,
2019-12-19 14:11:54.550726,110.122262,-0.0,-0.0,1,0,,,,,,,,,,
2019-12-19 14:11:55.050404,110.621935,-0.0,-0.0,1,0,,,,,,,,,,
2019-12-19 14:11:55.550314,111.121845,-0.0,-0.0,1,0,,,,,,,,,,
2019-12-19 14:11:56.050689,111.622216,-0.0,-0.0,1,0,,,,,,,,,,
2019-12-19 14:11:56.550507,112.122044,-0.0,-0.0,1,0,,,,,,,,,,
2019-12-19 14:11:57.049944,112.621459,-0.0,-0.0,1,0,,,,,,,,,,
2019-12-19 14:11:57.549917,113.121431,-0.0,-0.0,1,0,,,,,,,,,,
2019-12-19 14:11:58.050258,113.62178,-0.0,-0.0,1,0,,,,,,,,,,
2019-12-19 14:11:58.550735,114.122279,-0.0,-0.0,1,0,,,,,,,,,,
2019-12-19 14:11:59.050822,114.622353,-0.0,-0.0,1,0,,,,,,,,,,
2019-12-19 14:11:59.550866,115.122395,-0.0,-0.0,1,0,,,,,,,,,,
2019-12-19 14:12:00.051769,115.623311,-0.0,-0.0,1,0,,,,,,,,,,
2019-12-19 14:12:00.550764,116.122275,-0.0,-0.0,1,0,,,,,,,,,,
2019-12-19 14:12:01.049979,116.621491,-0.0,-0.0,1,0,,,,,,,,,,
2019-12-19 14:12:01.549888,117.121393,-0.0,-0.0,1,0,,,,,,,,,,
2019-12-19 14:12:02.049717,117.621224,-0.0,-0.0,1,0,,,,,,,,,,
2019-12-19 14:12:02.549605,118.121113,-0.0,-0.0,1,0,,,,,,,,,,
2019-12-19 14:12:03.049546,118.621052,-0.0,-0.0,1,0,,,,,,,,,,
2019-12-19 14:12:03.549446,119.120949,-0.0,-0.0,1,0,,,,,,,,,,
2019-12-19 14:12:04.049537,119.621039,-0.0,-0.0,1,0,,,,,,,,,,
2019-12-19 14:12:04.549434,120.12094,-0.0,-0.0,1,0,,,,,,,,,,
2019-12-19 14:12:05.049446,120.620952,-0.0,-0.0,1,0,,,,,,,,,,
2019-12-19 14:12:05.549747,121.121278,-0.0,-0.0,1,0,,,,,,,,,,
2019-12-19 14:12:06.049666,121.621182,-0.0,-0.0,1,0,,,,,,,,,,
2019-12-19 14:12:06.549648,122.121151,-0.0,-0.0,1,0,,,,,,,,,,
2019-12-19 14:12:07.049395,122.620908,-0.0,-0.0,1,0,,,,,,,,,,
2019-12-19 14:12:07.549461,123.120965,-0.0,-0.0,1,0,,,,,,,,,,
2019-12-19 14:12:08.049400,123.620911,-0.0,-0.0,1,0,,,,,,,,,,
2019-12-19 14:12:08.549457,124.120962,-0.0,-0.0,1,0,,,,,,,,,,
2019-12-19 14:12:09.049383,124.620885,-0.0,-0.0,1,0,,,,,,,,,,
2019-12-19 14:12:09.549476,125.120979,-0.0,-0.0,1,0,,,,,,,,,,
2019-12-19 14:12:10.049388,125.620891,-0.0,-0.0,1,0,,,,,,,,,,
2019-12-19 14:12:10.549482,126.12099,-0.0,-0.0,1,0,,,,,,,,,,
2019-12-19 14:12:11.049926,126.621467,-0.0,-0.0,1,0,,,,,,,,,,
2019-12-19 14:12:11.549753,127.121265,-0.0,-0.0,1,0,,,,,,,,,,
2019-12-19 14:12:12.049580,127.621085,-0.0,-0.0,1,0,,,,,,,,,,
